game_id,date,player_id,player_name,team,opponent,home_away,position,batting_order,plate_appearances,at_bats,hits,doubles,triples,home_runs,rbi,runs,walks,strikeouts,stolen_bases,innings_pitched,pitches,earned_runs,strikeouts_pitched,walks_allowed,hits_allowed
20260331_KT_Hanwha_004,2026-03-31,HAN01,Hanwha Player 1,Hanwha,KT,A,C,1.0,3,3,2,0,0,0,1,1,0,1,0,0.0,0,0,0,0,0
20260331_KT_Hanwha_004,2026-03-31,HAN02,Hanwha Player 2,Hanwha,KT,A,1B,2.0,4,4,2,0,0,0,2,2,0,0,0,0.0,0,0,0,0,0
20260331_KT_Hanwha_004,2026-03-31,HAN03,Hanwha Player 3,Hanwha,KT,A,2B,3.0,4,4,0,0,0,0,2,1,0,0,0,0.0,0,0,0,0,0
20260331_KT_Hanwha_004,2026-03-31,HAN04,Hanwha Player 4,Hanwha,KT,A,3B,4.0,4,4,2,1,0,0,2,0,0,0,0,0.0,0,0,0,0,0
20260331_KT_Hanwha_004,2026-03-31,HAN05,Hanwha Player 5,Hanwha,KT,A,SS,5.0,4,2,0,0,0,0,3,2,2,2,0,0.0,0,0,0,0,0
20260331_KT_Hanwha_004,2026-03-31,HAN06,Hanwha Player 6,Hanwha,KT,A,LF,6.0,3,2,0,0,0,0,2,0,1,0,0,0.0,0,0,0,0,0
20260331_KT_Hanwha_004,2026-03-31,HAN07,Hanwha Player 7,Hanwha,KT,A,CF,7.0,3,3,1,0,0,0,3,0,0,1,0,0.0,0,0,0,0,0
20260331_KT_Hanwha_004,2026-03-31,HAN08,Hanwha Player 8,Hanwha,KT,A,RF,8.0,5,5,1,0,0,0,1,0,0,1,0,0.0,0,0,0,0,0
20260331_KT_Hanwha_004,2026-03-31,HAN09,Hanwha Player 9,Hanwha,KT,A,DH,9.0,4,4,1,0,0,0,1,2,0,0,0,0.0,0,0,0,0,0
20260331_KT_Hanwha_004,2026-03-31,HAN10,Hanwha Player 10,Hanwha,KT,A,P,,0,0,0,0,0,0,0,0,0,0,0,5.0,51,2,5,2,1
20260331_KT_Hanwha_004,2026-03-31,HAN11,Hanwha Player 11,Hanwha,KT,A,P,,0,0,0,0,0,0,0,0,0,0,0,2.0,84,2,0,0,1
20260331_KT_Hanwha_004,2026-03-31,HAN12,Hanwha Player 12,Hanwha,KT,A,P,,0,0,0,0,0,0,0,0,0,0,0,2.0,53,0,1,2,4
20260331_KT_Hanwha_004,2026-03-31,KT01,KT Batter 1,KT,Hanwha,H,C,1.0,3,2,0,0,0,0,1,2,1,1,0,0.0,0,0,0,0,0
20260331_KT_Hanwha_004,2026-03-31,KT02,KT Batter 2,KT,Hanwha,H,1B,2.0,5,5,0,0,0,0,0,1,0,0,0,0.0,0,0,0,0,0
20260331_KT_Hanwha_004,2026-03-31,KT03,KT Batter 3,KT,Hanwha,H,2B,3.0,3,2,0,0,0,0,2,1,1,1,0,0.0,0,0,0,0,0
20260331_KT_Hanwha_004,2026-03-31,KT04,KT Batter 4,KT,Hanwha,H,3B,4.0,5,5,1,1,0,0,2,1,0,1,1,0.0,0,0,0,0,0
20260331_KT_Hanwha_004,2026-03-31,KT05,KT Batter 5,KT,Hanwha,H,SS,5.0,3,3,1,1,0,0,0,2,0,0,0,0.0,0,0,0,0,0
20260331_KT_Hanwha_004,2026-03-31,KT06,KT Batter 6,KT,Hanwha,H,LF,6.0,4,4,1,0,0,0,1,0,0,1,0,0.0,0,0,0,0,0
20260331_KT_Hanwha_004,2026-03-31,KT07,KT Batter 7,KT,Hanwha,H,CF,7.0,5,5,2,1,0,0,1,0,0,0,1,0.0,0,0,0,0,0
20260331_KT_Hanwha_004,2026-03-31,KT08,KT Batter 8,KT,Hanwha,H,RF,8.0,4,4,2,0,0,0,1,1,0,1,0,0.0,0,0,0,0,0
20260331_KT_Hanwha_004,2026-03-31,KT09,KT Batter 9,KT,Hanwha,H,DH,9.0,4,4,2,0,1,1,3,1,0,1,1,0.0,0,0,0,0,0
20260331_KT_Hanwha_004,2026-03-31,KT10,KT Starter,KT,Hanwha,H,P,,0,0,0,0,0,0,0,0,0,0,0,5.0,51,0,3,1,5
20260331_KT_Hanwha_004,2026-03-31,KT11,KT Reliever 1,KT,Hanwha,H,P,,0,0,0,0,0,0,0,0,0,0,0,2.0,74,4,5,0,4
20260331_KT_Hanwha_004,2026-03-31,KT12,KT Reliever 2,KT,Hanwha,H,P,,0,0,0,0,0,0,0,0,0,0,0,2.0,47,2,2,3,6
20260401_KT_SSG_005,2026-04-01,KT01,KT Batter 1,KT,SSG,A,C,1.0,4,4,1,1,0,0,1,2,0,1,0,0.0,0,0,0,0,0
20260401_KT_SSG_005,2026-04-01,KT02,KT Batter 2,KT,SSG,A,1B,2.0,3,3,1,0,0,0,0,0,0,2,0,0.0,0,0,0,0,0
20260401_KT_SSG_005,2026-04-01,KT03,KT Batter 3,KT,SSG,A,2B,3.0,3,2,1,0,0,0,0,2,1,1,0,0.0,0,0,0,0,0
20260401_KT_SSG_005,2026-04-01,KT04,KT Batter 4,KT,SSG,A,3B,4.0,4,4,1,1,0,0,0,0,0,1,0,0.0,0,0,0,0,0
20260401_KT_SSG_005,2026-04-01,KT05,KT Batter 5,KT,SSG,A,SS,5.0,5,4,1,0,0,0,1,1,1,1,0,0.0,0,0,0,0,0
20260401_KT_SSG_005,2026-04-01,KT06,KT Batter 6,KT,SSG,A,LF,6.0,5,4,0,0,0,0,1,0,1,1,0,0.0,0,0,0,0,0
20260401_KT_SSG_005,2026-04-01,KT07,KT Batter 7,KT,SSG,A,CF,7.0,5,5,2,0,0,1,2,1,0,1,0,0.0,0,0,0,0,0
20260401_KT_SSG_005,2026-04-01,KT08,KT Batter 8,KT,SSG,A,RF,8.0,4,4,1,1,0,0,2,0,0,1,1,0.0,0,0,0,0,0
20260401_KT_SSG_005,2026-04-01,KT09,KT Batter 9,KT,SSG,A,DH,9.0,5,5,0,0,0,0,1,2,0,3,1,0.0,0,0,0,0,0
20260401_KT_SSG_005,2026-04-01,KT10,KT Starter,KT,SSG,A,P,,0,0,0,0,0,0,0,0,0,0,0,5.0,80,3,1,1,5
20260401_KT_SSG_005,2026-04-01,KT11,KT Reliever 1,KT,SSG,A,P,,0,0,0,0,0,0,0,0,0,0,0,2.0,80,1,3,2,4
20260401_KT_SSG_005,2026-04-01,KT12,KT Reliever 2,KT,SSG,A,P,,0,0,0,0,0,0,0,0,0,0,0,2.0,32,2,5,2,1
20260401_KT_SSG_005,2026-04-01,SSG01,SSG Player 1,SSG,KT,H,C,1.0,4,4,0,0,0,0,2,2,0,1,0,0.0,0,0,0,0,0
20260401_KT_SSG_005,2026-04-01,SSG02,SSG Player 2,SSG,KT,H,1B,2.0,4,4,1,0,1,0,0,1,0,0,0,0.0,0,0,0,0,0
20260401_KT_SSG_005,2026-04-01,SSG03,SSG Player 3,SSG,KT,H,2B,3.0,4,4,1,0,0,0,0,1,0,1,0,0.0,0,0,0,0,0
20260401_KT_SSG_005,2026-04-01,SSG04,SSG Player 4,SSG,KT,H,3B,4.0,5,4,0,0,0,0,2,0,1,1,0,0.0,0,0,0,0,0
20260401_KT_SSG_005,2026-04-01,SSG05,SSG Player 5,SSG,KT,H,SS,5.0,3,2,1,0,0,1,3,0,1,0,1,0.0,0,0,0,0,0
20260401_KT_SSG_005,2026-04-01,SSG06,SSG Player 6,SSG,KT,H,LF,6.0,3,3,1,0,0,0,3,0,0,0,1,0.0,0,0,0,0,0
20260401_KT_SSG_005,2026-04-01,SSG07,SSG Player 7,SSG,KT,H,CF,7.0,3,3,1,0,0,0,3,1,0,0,0,0.0,0,0,0,0,0
20260401_KT_SSG_005,2026-04-01,SSG08,SSG Player 8,SSG,KT,H,RF,8.0,5,5,1,0,0,1,3,2,0,1,1,0.0,0,0,0,0,0
20260401_KT_SSG_005,2026-04-01,SSG09,SSG Player 9,SSG,KT,H,DH,9.0,5,5,0,0,0,0,0,1,0,3,0,0.0,0,0,0,0,0
20260401_KT_SSG_005,2026-04-01,SSG10,SSG Player 10,SSG,KT,H,P,,0,0,0,0,0,0,0,0,0,0,0,5.0,31,3,6,2,1
20260401_KT_SSG_005,2026-04-01,SSG11,SSG Player 11,SSG,KT,H,P,,0,0,0,0,0,0,0,0,0,0,0,2.0,61,4,6,0,5
20260401_KT_SSG_005,2026-04-01,SSG12,SSG Player 12,SSG,KT,H,P,,0,0,0,0,0,0,0,0,0,0,0,2.0,25,0,2,3,0
20260402_KT_SSG_005,2026-04-02,KT01,KT Batter 1,KT,SSG,A,C,1.0,5,5,2,0,0,0,3,1,0,2,0,0.0,0,0,0,0,0
20260402_KT_SSG_005,2026-04-02,KT02,KT Batter 2,KT,SSG,A,1B,2.0,4,4,1,0,0,0,3,2,0,0,0,0.0,0,0,0,0,0
20260402_KT_SSG_005,2026-04-02,KT03,KT Batter 3,KT,SSG,A,2B,3.0,4,4,4,0,0,0,0,1,0,0,0,0.0,0,0,0,0,0
20260402_KT_SSG_005,2026-04-02,KT04,KT Batter 4,KT,SSG,A,3B,4.0,4,3,0,0,0,0,1,1,1,0,0,0.0,0,0,0,0,0
20260402_KT_SSG_005,2026-04-02,KT05,KT Batter 5,KT,SSG,A,SS,5.0,5,5,0,0,0,0,1,1,0,2,0,0.0,0,0,0,0,0
20260402_KT_SSG_005,2026-04-02,KT06,KT Batter 6,KT,SSG,A,LF,6.0,3,2,1,0,0,0,0,1,1,2,0,0.0,0,0,0,0,0
20260402_KT_SSG_005,2026-04-02,KT07,KT Batter 7,KT,SSG,A,CF,7.0,5,5,3,0,0,0,0,2,0,0,0,0.0,0,0,0,0,0
20260402_KT_SSG_005,2026-04-02,KT08,KT Batter 8,KT,SSG,A,RF,8.0,4,4,2,0,0,0,0,0,0,3,0,0.0,0,0,0,0,0
20260402_KT_SSG_005,2026-04-02,KT09,KT Batter 9,KT,SSG,A,DH,9.0,5,5,3,0,0,0,3,1,0,2,0,0.0,0,0,0,0,0
20260402_KT_SSG_005,2026-04-02,KT10,KT Starter,KT,SSG,A,P,,0,0,0,0,0,0,0,0,0,0,0,5.0,46,2,3,0,7
20260402_KT_SSG_005,2026-04-02,KT11,KT Reliever 1,KT,SSG,A,P,,0,0,0,0,0,0,0,0,0,0,0,2.0,39,4,1,3,1
20260402_KT_SSG_005,2026-04-02,KT12,KT Reliever 2,KT,SSG,A,P,,0,0,0,0,0,0,0,0,0,0,0,2.0,80,2,3,2,4
20260402_KT_SSG_005,2026-04-02,SSG01,SSG Player 1,SSG,KT,H,C,1.0,4,3,1,0,0,0,0,1,1,1,0,0.0,0,0,0,0,0
20260402_KT_SSG_005,2026-04-02,SSG02,SSG Player 2,SSG,KT,H,1B,2.0,3,2,0,0,0,0,3,1,1,0,1,0.0,0,0,0,0,0
20260402_KT_SSG_005,2026-04-02,SSG03,SSG Player 3,SSG,KT,H,2B,3.0,3,2,1,0,0,0,1,2,1,0,0,0.0,0,0,0,0,0
20260402_KT_SSG_005,2026-04-02,SSG04,SSG Player 4,SSG,KT,H,3B,4.0,5,5,1,1,0,0,2,0,0,0,0,0.0,0,0,0,0,0
20260402_KT_SSG_005,2026-04-02,SSG05,SSG Player 5,SSG,KT,H,SS,5.0,5,5,4,0,0,0,2,1,0,0,0,0.0,0,0,0,0,0
20260402_KT_SSG_005,2026-04-02,SSG06,SSG Player 6,SSG,KT,H,LF,6.0,5,5,0,0,0,0,0,0,0,0,0,0.0,0,0,0,0,0
20260402_KT_SSG_005,2026-04-02,SSG07,SSG Player 7,SSG,KT,H,CF,7.0,4,3,1,0,0,0,3,2,1,0,0,0.0,0,0,0,0,0
20260402_KT_SSG_005,2026-04-02,SSG08,SSG Player 8,SSG,KT,H,RF,8.0,4,3,2,1,0,0,2,2,1,0,0,0.0,0,0,0,0,0
20260402_KT_SSG_005,2026-04-02,SSG09,SSG Player 9,SSG,KT,H,DH,9.0,5,4,2,0,0,0,1,1,1,2,0,0.0,0,0,0,0,0
20260402_KT_SSG_005,2026-04-02,SSG10,SSG Player 10,SSG,KT,H,P,,0,0,0,0,0,0,0,0,0,0,0,5.0,33,3,4,0,3
20260402_KT_SSG_005,2026-04-02,SSG11,SSG Player 11,SSG,KT,H,P,,0,0,0,0,0,0,0,0,0,0,0,2.0,31,3,2,0,2
20260402_KT_SSG_005,2026-04-02,SSG12,SSG Player 12,SSG,KT,H,P,,0,0,0,0,0,0,0,0,0,0,0,2.0,30,4,2,2,5
20260403_KT_SSG_006,2026-04-03,KT01,KT Batter 1,KT,SSG,H,C,1.0,3,3,0,0,0,0,2,1,0,0,0,0.0,0,0,0,0,0
20260403_KT_SSG_006,2026-04-03,KT02,KT Batter 2,KT,SSG,H,1B,2.0,4,4,0,0,0,0,1,1,0,0,0,0.0,0,0,0,0,0
20260403_KT_SSG_006,2026-04-03,KT03,KT Batter 3,KT,SSG,H,2B,3.0,4,3,1,0,0,1,1,1,1,1,0,0.0,0,0,0,0,0
20260403_KT_SSG_006,2026-04-03,KT04,KT Batter 4,KT,SSG,H,3B,4.0,5,3,0,0,0,0,3,0,2,0,0,0.0,0,0,0,0,0
20260403_KT_SSG_006,2026-04-03,KT05,KT Batter 5,KT,SSG,H,SS,5.0,3,3,1,1,0,0,0,0,0,1,0,0.0,0,0,0,0,0
20260403_KT_SSG_006,2026-04-03,KT06,KT Batter 6,KT,SSG,H,LF,6.0,5,5,1,0,0,0,1,2,0,3,0,0.0,0,0,0,0,0
20260403_KT_SSG_006,2026-04-03,KT07,KT Batter 7,KT,SSG,H,CF,7.0,3,3,2,0,0,0,2,2,0,0,0,0.0,0,0,0,0,0
20260403_KT_SSG_006,2026-04-03,KT08,KT Batter 8,KT,SSG,H,RF,8.0,3,3,0,0,0,0,1,0,0,0,0,0.0,0,0,0,0,0
20260403_KT_SSG_006,2026-04-03,KT09,KT Batter 9,KT,SSG,H,DH,9.0,3,3,0,0,0,0,1,1,0,1,0,0.0,0,0,0,0,0
20260403_KT_SSG_006,2026-04-03,KT10,KT Starter,KT,SSG,H,P,,0,0,0,0,0,0,0,0,0,0,0,5.0,32,2,3,3,0
20260403_KT_SSG_006,2026-04-03,KT11,KT Reliever 1,KT,SSG,H,P,,0,0,0,0,0,0,0,0,0,0,0,2.0,90,1,1,1,2
20260403_KT_SSG_006,2026-04-03,KT12,KT Reliever 2,KT,SSG,H,P,,0,0,0,0,0,0,0,0,0,0,0,2.0,65,0,7,3,7
20260403_KT_SSG_006,2026-04-03,SSG01,SSG Player 1,SSG,KT,A,C,1.0,3,3,0,0,0,0,2,0,0,0,0,0.0,0,0,0,0,0
20260403_KT_SSG_006,2026-04-03,SSG02,SSG Player 2,SSG,KT,A,1B,2.0,3,3,1,1,0,0,0,1,0,1,0,0.0,0,0,0,0,0
20260403_KT_SSG_006,2026-04-03,SSG03,SSG Player 3,SSG,KT,A,2B,3.0,3,1,0,0,0,0,3,1,2,2,0,0.0,0,0,0,0,0
20260403_KT_SSG_006,2026-04-03,SSG04,SSG Player 4,SSG,KT,A,3B,4.0,4,4,2,0,0,0,3,0,0,1,0,0.0,0,0,0,0,0
20260403_KT_SSG_006,2026-04-03,SSG05,SSG Player 5,SSG,KT,A,SS,5.0,3,3,0,0,0,0,0,0,0,0,1,0.0,0,0,0,0,0
20260403_KT_SSG_006,2026-04-03,SSG06,SSG Player 6,SSG,KT,A,LF,6.0,5,5,2,1,0,0,0,2,0,1,1,0.0,0,0,0,0,0
20260403_KT_SSG_006,2026-04-03,SSG07,SSG Player 7,SSG,KT,A,CF,7.0,4,4,1,0,0,0,2,2,0,0,0,0.0,0,0,0,0,0
20260403_KT_SSG_006,2026-04-03,SSG08,SSG Player 8,SSG,KT,A,RF,8.0,4,4,2,0,0,0,3,1,0,1,1,0.0,0,0,0,0,0
20260403_KT_SSG_006,2026-04-03,SSG09,SSG Player 9,SSG,KT,A,DH,9.0,5,5,2,0,0,0,2,1,0,0,0,0.0,0,0,0,0,0
20260403_KT_SSG_006,2026-04-03,SSG10,SSG Player 10,SSG,KT,A,P,,0,0,0,0,0,0,0,0,0,0,0,5.0,44,4,2,1,2
20260403_KT_SSG_006,2026-04-03,SSG11,SSG Player 11,SSG,KT,A,P,,0,0,0,0,0,0,0,0,0,0,0,2.0,31,1,1,0,2
20260403_KT_SSG_006,2026-04-03,SSG12,SSG Player 12,SSG,KT,A,P,,0,0,0,0,0,0,0,0,0,0,0,2.0,72,0,0,1,4
20260404_KT_Doosan_007,2026-04-04,DOO01,Doosan Player 1,Doosan,KT,H,C,1.0,4,4,3,0,0,0,3,2,0,1,0,0.0,0,0,0,0,0
20260404_KT_Doosan_007,2026-04-04,DOO02,Doosan Player 2,Doosan,KT,H,1B,2.0,3,3,0,0,0,0,3,2,0,0,0,0.0,0,0,0,0,0
20260404_KT_Doosan_007,2026-04-04,DOO03,Doosan Player 3,Doosan,KT,H,2B,3.0,3,3,1,0,1,0,2,1,0,1,0,0.0,0,0,0,0,0
20260404_KT_Doosan_007,2026-04-04,DOO04,Doosan Player 4,Doosan,KT,H,3B,4.0,3,3,1,0,0,0,3,0,0,1,0,0.0,0,0,0,0,0
20260404_KT_Doosan_007,2026-04-04,DOO05,Doosan Player 5,Doosan,KT,H,SS,5.0,4,4,0,0,0,0,2,0,0,1,0,0.0,0,0,0,0,0
20260404_KT_Doosan_007,2026-04-04,DOO06,Doosan Player 6,Doosan,KT,H,LF,6.0,5,4,1,0,0,0,3,2,1,2,0,0.0,0,0,0,0,0
20260404_KT_Doosan_007,2026-04-04,DOO07,Doosan Player 7,Doosan,KT,H,CF,7.0,5,5,1,0,0,0,2,1,0,2,1,0.0,0,0,0,0,0
20260404_KT_Doosan_007,2026-04-04,DOO08,Doosan Player 8,Doosan,KT,H,RF,8.0,5,4,1,0,0,0,2,0,1,0,0,0.0,0,0,0,0,0
20260404_KT_Doosan_007,2026-04-04,DOO09,Doosan Player 9,Doosan,KT,H,DH,9.0,4,3,0,0,0,0,2,0,1,0,0,0.0,0,0,0,0,0
20260404_KT_Doosan_007,2026-04-04,DOO10,Doosan Player 10,Doosan,KT,H,P,,0,0,0,0,0,0,0,0,0,0,0,5.0,80,4,0,1,2
20260404_KT_Doosan_007,2026-04-04,DOO11,Doosan Player 11,Doosan,KT,H,P,,0,0,0,0,0,0,0,0,0,0,0,2.0,67,4,1,2,4
20260404_KT_Doosan_007,2026-04-04,DOO12,Doosan Player 12,Doosan,KT,H,P,,0,0,0,0,0,0,0,0,0,0,0,2.0,67,3,2,0,4
20260404_KT_Doosan_007,2026-04-04,KT01,KT Batter 1,KT,Doosan,A,C,1.0,4,4,0,0,0,0,0,1,0,0,0,0.0,0,0,0,0,0
20260404_KT_Doosan_007,2026-04-04,KT02,KT Batter 2,KT,Doosan,A,1B,2.0,3,2,0,0,0,0,2,1,1,0,0,0.0,0,0,0,0,0
20260404_KT_Doosan_007,2026-04-04,KT03,KT Batter 3,KT,Doosan,A,2B,3.0,5,5,2,1,0,1,1,1,0,2,0,0.0,0,0,0,0,0
20260404_KT_Doosan_007,2026-04-04,KT04,KT Batter 4,KT,Doosan,A,3B,4.0,5,5,1,0,0,0,3,0,0,1,0,0.0,0,0,0,0,0
20260404_KT_Doosan_007,2026-04-04,KT05,KT Batter 5,KT,Doosan,A,SS,5.0,3,2,1,0,0,1,2,2,1,0,0,0.0,0,0,0,0,0
20260404_KT_Doosan_007,2026-04-04,KT06,KT Batter 6,KT,Doosan,A,LF,6.0,3,3,2,1,0,0,3,1,0,0,0,0.0,0,0,0,0,0
20260404_KT_Doosan_007,2026-04-04,KT07,KT Batter 7,KT,Doosan,A,CF,7.0,3,3,0,0,0,0,1,0,0,1,0,0.0,0,0,0,0,0
20260404_KT_Doosan_007,2026-04-04,KT08,KT Batter 8,KT,Doosan,A,RF,8.0,3,2,1,0,0,1,1,2,1,0,0,0.0,0,0,0,0,0
20260404_KT_Doosan_007,2026-04-04,KT09,KT Batter 9,KT,Doosan,A,DH,9.0,5,5,3,0,1,0,3,0,0,1,0,0.0,0,0,0,0,0
20260404_KT_Doosan_007,2026-04-04,KT10,KT Starter,KT,Doosan,A,P,,0,0,0,0,0,0,0,0,0,0,0,5.0,58,0,0,3,7
20260404_KT_Doosan_007,2026-04-04,KT11,KT Reliever 1,KT,Doosan,A,P,,0,0,0,0,0,0,0,0,0,0,0,2.0,51,3,3,2,4
20260404_KT_Doosan_007,2026-04-04,KT12,KT Reliever 2,KT,Doosan,A,P,,0,0,0,0,0,0,0,0,0,0,0,2.0,37,0,2,2,4
20260405_KT_Doosan_007,2026-04-05,DOO01,Doosan Player 1,Doosan,KT,H,C,1.0,5,4,1,0,0,0,0,0,1,2,0,0.0,0,0,0,0,0
20260405_KT_Doosan_007,2026-04-05,DOO02,Doosan Player 2,Doosan,KT,H,1B,2.0,3,3,2,1,0,0,0,1,0,0,0,0.0,0,0,0,0,0
20260405_KT_Doosan_007,2026-04-05,DOO03,Doosan Player 3,Doosan,KT,H,2B,3.0,4,3,0,0,0,0,2,2,1,0,0,0.0,0,0,0,0,0
20260405_KT_Doosan_007,2026-04-05,DOO04,Doosan Player 4,Doosan,KT,H,3B,4.0,3,3,1,0,0,0,2,2,0,0,0,0.0,0,0,0,0,0
20260405_KT_Doosan_007,2026-04-05,DOO05,Doosan Player 5,Doosan,KT,H,SS,5.0,3,3,1,0,0,0,2,1,0,1,0,0.0,0,0,0,0,0
20260405_KT_Doosan_007,2026-04-05,DOO06,Doosan Player 6,Doosan,KT,H,LF,6.0,4,4,0,0,0,0,1,0,0,0,0,0.0,0,0,0,0,0
20260405_KT_Doosan_007,2026-04-05,DOO07,Doosan Player 7,Doosan,KT,H,CF,7.0,3,3,1,0,0,0,2,0,0,1,0,0.0,0,0,0,0,0
20260405_KT_Doosan_007,2026-04-05,DOO08,Doosan Player 8,Doosan,KT,H,RF,8.0,4,4,0,0,0,0,0,2,0,1,0,0.0,0,0,0,0,0
20260405_KT_Doosan_007,2026-04-05,DOO09,Doosan Player 9,Doosan,KT,H,DH,9.0,5,5,0,0,0,0,0,2,0,0,0,0.0,0,0,0,0,0
20260405_KT_Doosan_007,2026-04-05,DOO10,Doosan Player 10,Doosan,KT,H,P,,0,0,0,0,0,0,0,0,0,0,0,5.0,48,1,0,3,0
20260405_KT_Doosan_007,2026-04-05,DOO11,Doosan Player 11,Doosan,KT,H,P,,0,0,0,0,0,0,0,0,0,0,0,2.0,53,1,4,0,4
20260405_KT_Doosan_007,2026-04-05,DOO12,Doosan Player 12,Doosan,KT,H,P,,0,0,0,0,0,0,0,0,0,0,0,2.0,49,4,6,2,1
20260405_KT_Doosan_007,2026-04-05,KT01,KT Batter 1,KT,Doosan,A,C,1.0,5,3,0,0,0,0,2,0,2,2,0,0.0,0,0,0,0,0
20260405_KT_Doosan_007,2026-04-05,KT02,KT Batter 2,KT,Doosan,A,1B,2.0,4,4,1,1,0,0,2,2,0,0,0,0.0,0,0,0,0,0
20260405_KT_Doosan_007,2026-04-05,KT03,KT Batter 3,KT,Doosan,A,2B,3.0,5,5,1,0,0,0,3,0,0,3,0,0.0,0,0,0,0,0
20260405_KT_Doosan_007,2026-04-05,KT04,KT Batter 4,KT,Doosan,A,3B,4.0,4,3,1,0,0,0,3,2,1,1,0,0.0,0,0,0,0,0
20260405_KT_Doosan_007,2026-04-05,KT05,KT Batter 5,KT,Doosan,A,SS,5.0,3,3,1,0,0,0,0,2,0,1,0,0.0,0,0,0,0,0
20260405_KT_Doosan_007,2026-04-05,KT06,KT Batter 6,KT,Doosan,A,LF,6.0,5,5,1,0,0,0,2,0,0,0,0,0.0,0,0,0,0,0
20260405_KT_Doosan_007,2026-04-05,KT07,KT Batter 7,KT,Doosan,A,CF,7.0,4,4,0,0,0,0,1,2,0,0,0,0.0,0,0,0,0,0
20260405_KT_Doosan_007,2026-04-05,KT08,KT Batter 8,KT,Doosan,A,RF,8.0,3,3,0,0,0,0,2,2,0,1,0,0.0,0,0,0,0,0
20260405_KT_Doosan_007,2026-04-05,KT09,KT Batter 9,KT,Doosan,A,DH,9.0,4,3,1,0,0,0,0,0,1,0,0,0.0,0,0,0,0,0
20260405_KT_Doosan_007,2026-04-05,KT10,KT Starter,KT,Doosan,A,P,,0,0,0,0,0,0,0,0,0,0,0,5.0,33,2,0,0,2
20260405_KT_Doosan_007,2026-04-05,KT11,KT Reliever 1,KT,Doosan,A,P,,0,0,0,0,0,0,0,0,0,0,0,2.0,37,1,1,1,5
20260405_KT_Doosan_007,2026-04-05,KT12,KT Reliever 2,KT,Doosan,A,P,,0,0,0,0,0,0,0,0,0,0,0,2.0,39,2,3,2,0
20260505_KT_Lotte_023,2026-05-05,KT01,KT Batter 1,KT,Lotte,H,C,1.0,3,2,1,0,0,0,1,2,1,1,0,0.0,0,0,0,0,0
20260505_KT_Lotte_023,2026-05-05,KT02,KT Batter 2,KT,Lotte,H,1B,2.0,3,2,1,0,1,0,1,0,1,0,0,0.0,0,0,0,0,0
20260505_KT_Lotte_023,2026-05-05,KT03,KT Batter 3,KT,Lotte,H,2B,3.0,5,5,1,0,0,0,2,2,0,1,1,0.0,0,0,0,0,0
20260505_KT_Lotte_023,2026-05-05,KT04,KT Batter 4,KT,Lotte,H,3B,4.0,3,3,1,0,0,0,0,0,0,2,1,0.0,0,0,0,0,0
20260505_KT_Lotte_023,2026-05-05,KT05,KT Batter 5,KT,Lotte,H,SS,5.0,3,2,0,0,0,0,2,1,1,0,0,0.0,0,0,0,0,0
20260505_KT_Lotte_023,2026-05-05,KT06,KT Batter 6,KT,Lotte,H,LF,6.0,3,2,0,0,0,0,2,2,1,2,0,0.0,0,0,0,0,0
20260505_KT_Lotte_023,2026-05-05,KT07,KT Batter 7,KT,Lotte,H,CF,7.0,4,2,0,0,0,0,1,0,2,0,1,0.0,0,0,0,0,0
20260505_KT_Lotte_023,2026-05-05,KT08,KT Batter 8,KT,Lotte,H,RF,8.0,3,2,0,0,0,0,3,2,1,0,0,0.0,0,0,0,0,0
20260505_KT_Lotte_023,2026-05-05,KT09,KT Batter 9,KT,Lotte,H,DH,9.0,4,4,1,0,0,0,1,2,0,0,0,0.0,0,0,0,0,0
20260505_KT_Lotte_023,2026-05-05,KT10,KT Starter,KT,Lotte,H,P,,0,0,0,0,0,0,0,0,0,0,0,5.0,29,1,7,2,6
20260505_KT_Lotte_023,2026-05-05,KT11,KT Reliever 1,KT,Lotte,H,P,,0,0,0,0,0,0,0,0,0,0,0,2.0,74,0,6,0,5
20260505_KT_Lotte_023,2026-05-05,KT12,KT Reliever 2,KT,Lotte,H,P,,0,0,0,0,0,0,0,0,0,0,0,2.0,49,0,0,1,4
20260505_KT_Lotte_023,2026-05-05,LOT01,Lotte Player 1,Lotte,KT,A,C,1.0,4,2,1,0,0,0,3,2,2,0,0,0.0,0,0,0,0,0
20260505_KT_Lotte_023,2026-05-05,LOT02,Lotte Player 2,Lotte,KT,A,1B,2.0,5,5,2,0,0,0,0,0,0,0,0,0.0,0,0,0,0,0
20260505_KT_Lotte_023,2026-05-05,LOT03,Lotte Player 3,Lotte,KT,A,2B,3.0,5,5,1,1,0,0,2,2,0,0,0,0.0,0,0,0,0,0
20260505_KT_Lotte_023,2026-05-05,LOT04,Lotte Player 4,Lotte,KT,A,3B,4.0,4,4,4,0,0,0,2,0,0,0,0,0.0,0,0,0,0,0
20260505_KT_Lotte_023,2026-05-05,LOT05,Lotte Player 5,Lotte,KT,A,SS,5.0,4,4,4,1,0,0,2,0,0,0,0,0.0,0,0,0,0,0
20260505_KT_Lotte_023,2026-05-05,LOT06,Lotte Player 6,Lotte,KT,A,LF,6.0,3,3,1,0,0,0,2,1,0,0,0,0.0,0,0,0,0,0
20260505_KT_Lotte_023,2026-05-05,LOT07,Lotte Player 7,Lotte,KT,A,CF,7.0,5,5,1,0,0,0,3,2,0,1,0,0.0,0,0,0,0,0
20260505_KT_Lotte_023,2026-05-05,LOT08,Lotte Player 8,Lotte,KT,A,RF,8.0,4,3,0,0,0,0,3,0,1,1,0,0.0,0,0,0,0,0
20260505_KT_Lotte_023,2026-05-05,LOT09,Lotte Player 9,Lotte,KT,A,DH,9.0,3,3,2,0,0,0,2,0,0,1,0,0.0,0,0,0,0,0
20260505_KT_Lotte_023,2026-05-05,LOT10,Lotte Player 10,Lotte,KT,A,P,,0,0,0,0,0,0,0,0,0,0,0,5.0,66,0,2,0,0
20260505_KT_Lotte_023,2026-05-05,LOT11,Lotte Player 11,Lotte,KT,A,P,,0,0,0,0,0,0,0,0,0,0,0,2.0,34,2,3,3,7
20260505_KT_Lotte_023,2026-05-05,LOT12,Lotte Player 12,Lotte,KT,A,P,,0,0,0,0,0,0,0,0,0,0,0,2.0,26,3,3,0,6
20260506_KT_Lotte_024,2026-05-06,KT01,KT Batter 1,KT,Lotte,A,C,1.0,4,3,2,0,0,1,3,1,1,1,0,0.0,0,0,0,0,0
20260506_KT_Lotte_024,2026-05-06,KT02,KT Batter 2,KT,Lotte,A,1B,2.0,4,4,1,0,1,0,2,1,0,1,0,0.0,0,0,0,0,0
20260506_KT_Lotte_024,2026-05-06,KT03,KT Batter 3,KT,Lotte,A,2B,3.0,3,3,0,0,0,0,0,2,0,2,0,0.0,0,0,0,0,0
20260506_KT_Lotte_024,2026-05-06,KT04,KT Batter 4,KT,Lotte,A,3B,4.0,3,3,2,0,0,0,2,2,0,1,0,0.0,0,0,0,0,0
20260506_KT_Lotte_024,2026-05-06,KT05,KT Batter 5,KT,Lotte,A,SS,5.0,5,5,2,0,0,0,2,0,0,3,0,0.0,0,0,0,0,0
20260506_KT_Lotte_024,2026-05-06,KT06,KT Batter 6,KT,Lotte,A,LF,6.0,5,5,1,0,0,0,1,1,0,0,0,0.0,0,0,0,0,0
20260506_KT_Lotte_024,2026-05-06,KT07,KT Batter 7,KT,Lotte,A,CF,7.0,5,5,3,1,0,0,2,0,0,0,0,0.0,0,0,0,0,0
20260506_KT_Lotte_024,2026-05-06,KT08,KT Batter 8,KT,Lotte,A,RF,8.0,5,5,1,0,0,0,0,2,0,0,0,0.0,0,0,0,0,0
20260506_KT_Lotte_024,2026-05-06,KT09,KT Batter 9,KT,Lotte,A,DH,9.0,4,4,1,0,0,0,1,1,0,0,0,0.0,0,0,0,0,0
20260506_KT_Lotte_024,2026-05-06,KT10,KT Starter,KT,Lotte,A,P,,0,0,0,0,0,0,0,0,0,0,0,5.0,75,3,4,2,0
20260506_KT_Lotte_024,2026-05-06,KT11,KT Reliever 1,KT,Lotte,A,P,,0,0,0,0,0,0,0,0,0,0,0,2.0,27,1,5,3,6
20260506_KT_Lotte_024,2026-05-06,KT12,KT Reliever 2,KT,Lotte,A,P,,0,0,0,0,0,0,0,0,0,0,0,2.0,24,3,4,2,1
20260506_KT_Lotte_024,2026-05-06,LOT01,Lotte Player 1,Lotte,KT,H,C,1.0,5,5,0,0,0,0,3,2,0,1,0,0.0,0,0,0,0,0
20260506_KT_Lotte_024,2026-05-06,LOT02,Lotte Player 2,Lotte,KT,H,1B,2.0,4,2,1,0,0,0,2,2,2,1,0,0.0,0,0,0,0,0
20260506_KT_Lotte_024,2026-05-06,LOT03,Lotte Player 3,Lotte,KT,H,2B,3.0,4,4,2,0,0,0,0,2,0,0,0,0.0,0,0,0,0,0
20260506_KT_Lotte_024,2026-05-06,LOT04,Lotte Player 4,Lotte,KT,H,3B,4.0,3,3,1,0,0,0,3,0,0,1,0,0.0,0,0,0,0,0
20260506_KT_Lotte_024,2026-05-06,LOT05,Lotte Player 5,Lotte,KT,H,SS,5.0,4,4,1,0,0,0,0,2,0,2,0,0.0,0,0,0,0,0
20260506_KT_Lotte_024,2026-05-06,LOT06,Lotte Player 6,Lotte,KT,H,LF,6.0,4,4,0,0,0,0,3,0,0,0,0,0.0,0,0,0,0,0
20260506_KT_Lotte_024,2026-05-06,LOT07,Lotte Player 7,Lotte,KT,H,CF,7.0,3,3,0,0,0,0,1,1,0,2,0,0.0,0,0,0,0,0
20260506_KT_Lotte_024,2026-05-06,LOT08,Lotte Player 8,Lotte,KT,H,RF,8.0,5,5,1,1,0,0,1,1,0,0,0,0.0,0,0,0,0,0
20260506_KT_Lotte_024,2026-05-06,LOT09,Lotte Player 9,Lotte,KT,H,DH,9.0,4,2,2,1,0,1,0,2,2,1,0,0.0,0,0,0,0,0
20260506_KT_Lotte_024,2026-05-06,LOT10,Lotte Player 10,Lotte,KT,H,P,,0,0,0,0,0,0,0,0,0,0,0,5.0,72,0,2,0,7
20260506_KT_Lotte_024,2026-05-06,LOT11,Lotte Player 11,Lotte,KT,H,P,,0,0,0,0,0,0,0,0,0,0,0,2.0,52,0,2,3,1
20260506_KT_Lotte_024,2026-05-06,LOT12,Lotte Player 12,Lotte,KT,H,P,,0,0,0,0,0,0,0,0,0,0,0,2.0,56,0,1,2,4
20260507_KT_Lotte_025,2026-05-07,KT01,KT Batter 1,KT,Lotte,H,C,1.0,3,3,1,0,0,0,0,2,0,0,0,0.0,0,0,0,0,0
20260507_KT_Lotte_025,2026-05-07,KT02,KT Batter 2,KT,Lotte,H,1B,2.0,5,5,0,0,0,0,3,1,0,0,0,0.0,0,0,0,0,0
20260507_KT_Lotte_025,2026-05-07,KT03,KT Batter 3,KT,Lotte,H,2B,3.0,5,5,2,1,0,0,1,2,0,2,0,0.0,0,0,0,0,0
20260507_KT_Lotte_025,2026-05-07,KT04,KT Batter 4,KT,Lotte,H,3B,4.0,5,4,1,0,0,0,2,1,1,1,0,0.0,0,0,0,0,0
20260507_KT_Lotte_025,2026-05-07,KT05,KT Batter 5,KT,Lotte,H,SS,5.0,4,4,2,0,1,0,3,1,0,1,0,0.0,0,0,0,0,0
20260507_KT_Lotte_025,2026-05-07,KT06,KT Batter 6,KT,Lotte,H,LF,6.0,3,3,0,0,0,0,0,0,0,1,0,0.0,0,0,0,0,0
20260507_KT_Lotte_025,2026-05-07,KT07,KT Batter 7,KT,Lotte,H,CF,7.0,3,3,2,0,0,1,3,0,0,0,0,0.0,0,0,0,0,0
20260507_KT_Lotte_025,2026-05-07,KT08,KT Batter 8,KT,Lotte,H,RF,8.0,5,4,1,0,0,0,2,1,1,1,0,0.0,0,0,0,0,0
20260507_KT_Lotte_025,2026-05-07,KT09,KT Batter 9,KT,Lotte,H,DH,9.0,5,5,0,0,0,0,2,2,0,0,0,0.0,0,0,0,0,0
20260507_KT_Lotte_025,2026-05-07,KT10,KT Starter,KT,Lotte,H,P,,0,0,0,0,0,0,0,0,0,0,0,5.0,76,3,2,2,6
20260507_KT_Lotte_025,2026-05-07,KT11,KT Reliever 1,KT,Lotte,H,P,,0,0,0,0,0,0,0,0,0,0,0,2.0,25,2,4,3,5
20260507_KT_Lotte_025,2026-05-07,KT12,KT Reliever 2,KT,Lotte,H,P,,0,0,0,0,0,0,0,0,0,0,0,2.0,30,3,5,2,4
20260507_KT_Lotte_025,2026-05-07,LOT01,Lotte Player 1,Lotte,KT,A,C,1.0,4,4,1,0,0,0,0,0,0,1,0,0.0,0,0,0,0,0
20260507_KT_Lotte_025,2026-05-07,LOT02,Lotte Player 2,Lotte,KT,A,1B,2.0,3,3,1,1,0,0,2,2,0,0,0,0.0,0,0,0,0,0
20260507_KT_Lotte_025,2026-05-07,LOT03,Lotte Player 3,Lotte,KT,A,2B,3.0,4,3,1,0,0,0,3,0,1,0,0,0.0,0,0,0,0,0
20260507_KT_Lotte_025,2026-05-07,LOT04,Lotte Player 4,Lotte,KT,A,3B,4.0,5,4,0,0,0,0,2,2,1,0,0,0.0,0,0,0,0,0
20260507_KT_Lotte_025,2026-05-07,LOT05,Lotte Player 5,Lotte,KT,A,SS,5.0,5,5,2,1,1,0,0,2,0,3,0,0.0,0,0,0,0,0
20260507_KT_Lotte_025,2026-05-07,LOT06,Lotte Player 6,Lotte,KT,A,LF,6.0,4,4,1,0,0,0,1,0,0,0,0,0.0,0,0,0,0,0
20260507_KT_Lotte_025,2026-05-07,LOT07,Lotte Player 7,Lotte,KT,A,CF,7.0,3,3,1,0,0,0,1,0,0,1,0,0.0,0,0,0,0,0
20260507_KT_Lotte_025,2026-05-07,LOT08,Lotte Player 8,Lotte,KT,A,RF,8.0,5,3,2,0,0,0,2,0,2,1,0,0.0,0,0,0,0,0
20260507_KT_Lotte_025,2026-05-07,LOT09,Lotte Player 9,Lotte,KT,A,DH,9.0,5,5,1,0,0,0,2,0,0,1,0,0.0,0,0,0,0,0
20260507_KT_Lotte_025,2026-05-07,LOT10,Lotte Player 10,Lotte,KT,A,P,,0,0,0,0,0,0,0,0,0,0,0,5.0,25,2,2,1,7
20260507_KT_Lotte_025,2026-05-07,LOT11,Lotte Player 11,Lotte,KT,A,P,,0,0,0,0,0,0,0,0,0,0,0,2.0,28,2,6,1,1
20260507_KT_Lotte_025,2026-05-07,LOT12,Lotte Player 12,Lotte,KT,A,P,,0,0,0,0,0,0,0,0,0,0,0,2.0,82,4,7,0,3
20260508_KT_KIA_026,2026-05-08,KIA01,KIA Player 1,KIA,KT,H,C,1.0,5,5,1,0,0,0,0,2,0,0,0,0.0,0,0,0,0,0
20260508_KT_KIA_026,2026-05-08,KIA02,KIA Player 2,KIA,KT,H,1B,2.0,5,5,1,0,0,1,2,1,0,1,0,0.0,0,0,0,0,0
20260508_KT_KIA_026,2026-05-08,KIA03,KIA Player 3,KIA,KT,H,2B,3.0,5,5,3,1,0,0,3,0,0,1,0,0.0,0,0,0,0,0
20260508_KT_KIA_026,2026-05-08,KIA04,KIA Player 4,KIA,KT,H,3B,4.0,5,3,0,0,0,0,0,2,2,2,0,0.0,0,0,0,0,0
20260508_KT_KIA_026,2026-05-08,KIA05,KIA Player 5,KIA,KT,H,SS,5.0,3,3,1,0,0,0,2,2,0,0,0,0.0,0,0,0,0,0
20260508_KT_KIA_026,2026-05-08,KIA06,KIA Player 6,KIA,KT,H,LF,6.0,5,5,2,1,0,0,1,2,0,3,0,0.0,0,0,0,0,0
20260508_KT_KIA_026,2026-05-08,KIA07,KIA Player 7,KIA,KT,H,CF,7.0,4,4,1,0,0,0,3,1,0,0,0,0.0,0,0,0,0,0
20260508_KT_KIA_026,2026-05-08,KIA08,KIA Player 8,KIA,KT,H,RF,8.0,5,5,2,0,0,0,1,1,0,1,0,0.0,0,0,0,0,0
20260508_KT_KIA_026,2026-05-08,KIA09,KIA Player 9,KIA,KT,H,DH,9.0,5,4,0,0,0,0,2,2,1,0,0,0.0,0,0,0,0,0
20260508_KT_KIA_026,2026-05-08,KIA10,KIA Player 10,KIA,KT,H,P,,0,0,0,0,0,0,0,0,0,0,0,5.0,38,2,1,1,4
20260508_KT_KIA_026,2026-05-08,KIA11,KIA Player 11,KIA,KT,H,P,,0,0,0,0,0,0,0,0,0,0,0,2.0,34,0,7,3,0
20260508_KT_KIA_026,2026-05-08,KIA12,KIA Player 12,KIA,KT,H,P,,0,0,0,0,0,0,0,0,0,0,0,2.0,35,0,1,3,6
20260508_KT_KIA_026,2026-05-08,KT01,KT Batter 1,KT,KIA,A,C,1.0,5,5,0,0,0,0,1,0,0,0,0,0.0,0,0,0,0,0
20260508_KT_KIA_026,2026-05-08,KT02,KT Batter 2,KT,KIA,A,1B,2.0,5,4,1,0,0,0,0,2,1,1,0,0.0,0,0,0,0,0
20260508_KT_KIA_026,2026-05-08,KT03,KT Batter 3,KT,KIA,A,2B,3.0,3,3,1,0,0,0,3,2,0,1,0,0.0,0,0,0,0,0
20260508_KT_KIA_026,2026-05-08,KT04,KT Batter 4,KT,KIA,A,3B,4.0,3,3,2,0,2,0,3,0,0,0,0,0.0,0,0,0,0,0
20260508_KT_KIA_026,2026-05-08,KT05,KT Batter 5,KT,KIA,A,SS,5.0,5,5,2,0,0,0,0,2,0,1,0,0.0,0,0,0,0,0
20260508_KT_KIA_026,2026-05-08,KT06,KT Batter 6,KT,KIA,A,LF,6.0,3,3,1,0,0,0,0,2,0,0,0,0.0,0,0,0,0,0
20260508_KT_KIA_026,2026-05-08,KT07,KT Batter 7,KT,KIA,A,CF,7.0,5,4,1,0,0,1,0,2,1,0,0,0.0,0,0,0,0,0
20260508_KT_KIA_026,2026-05-08,KT08,KT Batter 8,KT,KIA,A,RF,8.0,3,3,2,0,0,0,2,2,0,0,0,0.0,0,0,0,0,0
20260508_KT_KIA_026,2026-05-08,KT09,KT Batter 9,KT,KIA,A,DH,9.0,5,5,1,0,0,0,3,1,0,1,0,0.0,0,0,0,0,0
20260508_KT_KIA_026,2026-05-08,KT10,KT Starter,KT,KIA,A,P,,0,0,0,0,0,0,0,0,0,0,0,5.0,75,1,6,0,5
20260508_KT_KIA_026,2026-05-08,KT11,KT Reliever 1,KT,KIA,A,P,,0,0,0,0,0,0,0,0,0,0,0,2.0,22,4,1,1,6
20260508_KT_KIA_026,2026-05-08,KT12,KT Reliever 2,KT,KIA,A,P,,0,0,0,0,0,0,0,0,0,0,0,2.0,52,1,4,1,1
20260509_KT_KIA_026,2026-05-09,KIA01,KIA Player 1,KIA,KT,H,C,1.0,4,4,1,0,0,0,1,0,0,0,0,0.0,0,0,0,0,0
20260509_KT_KIA_026,2026-05-09,KIA02,KIA Player 2,KIA,KT,H,1B,2.0,5,4,1,0,0,0,2,1,1,2,0,0.0,0,0,0,0,0
20260509_KT_KIA_026,2026-05-09,KIA03,KIA Player 3,KIA,KT,H,2B,3.0,3,3,0,0,0,0,2,0,0,1,1,0.0,0,0,0,0,0
20260509_KT_KIA_026,2026-05-09,KIA04,KIA Player 4,KIA,KT,H,3B,4.0,4,3,2,0,0,0,0,2,1,1,0,0.0,0,0,0,0,0
20260509_KT_KIA_026,2026-05-09,KIA05,KIA Player 5,KIA,KT,H,SS,5.0,4,3,1,0,0,0,0,1,1,0,0,0.0,0,0,0,0,0
20260509_KT_KIA_026,2026-05-09,KIA06,KIA Player 6,KIA,KT,H,LF,6.0,3,3,0,0,0,0,0,2,0,0,0,0.0,0,0,0,0,0
20260509_KT_KIA_026,2026-05-09,KIA07,KIA Player 7,KIA,KT,H,CF,7.0,4,4,1,1,0,0,0,1,0,1,0,0.0,0,0,0,0,0
20260509_KT_KIA_026,2026-05-09,KIA08,KIA Player 8,KIA,KT,H,RF,8.0,3,3,0,0,0,0,3,2,0,0,0,0.0,0,0,0,0,0
20260509_KT_KIA_026,2026-05-09,KIA09,KIA Player 9,KIA,KT,H,DH,9.0,5,5,4,1,0,0,2,2,0,3,0,0.0,0,0,0,0,0
20260509_KT_KIA_026,2026-05-09,KIA10,KIA Player 10,KIA,KT,H,P,,0,0,0,0,0,0,0,0,0,0,0,5.0,58,1,6,1,6
20260509_KT_KIA_026,2026-05-09,KIA11,KIA Player 11,KIA,KT,H,P,,0,0,0,0,0,0,0,0,0,0,0,2.0,54,3,6,3,6
20260509_KT_KIA_026,2026-05-09,KIA12,KIA Player 12,KIA,KT,H,P,,0,0,0,0,0,0,0,0,0,0,0,2.0,81,2,5,2,0
20260509_KT_KIA_026,2026-05-09,KT01,KT Batter 1,KT,KIA,A,C,1.0,4,4,2,1,0,1,3,1,0,1,0,0.0,0,0,0,0,0
20260509_KT_KIA_026,2026-05-09,KT02,KT Batter 2,KT,KIA,A,1B,2.0,5,5,1,0,0,0,2,0,0,2,0,0.0,0,0,0,0,0
20260509_KT_KIA_026,2026-05-09,KT03,KT Batter 3,KT,KIA,A,2B,3.0,5,5,1,0,0,0,2,0,0,0,0,0.0,0,0,0,0,0
20260509_KT_KIA_026,2026-05-09,KT04,KT Batter 4,KT,KIA,A,3B,4.0,4,3,1,0,0,0,2,2,1,1,0,0.0,0,0,0,0,0
20260509_KT_KIA_026,2026-05-09,KT05,KT Batter 5,KT,KIA,A,SS,5.0,3,3,0,0,0,0,2,2,0,0,0,0.0,0,0,0,0,0
20260509_KT_KIA_026,2026-05-09,KT06,KT Batter 6,KT,KIA,A,LF,6.0,4,3,3,0,0,2,1,2,1,1,0,0.0,0,0,0,0,0
20260509_KT_KIA_026,2026-05-09,KT07,KT Batter 7,KT,KIA,A,CF,7.0,4,4,1,0,0,0,3,0,0,0,1,0.0,0,0,0,0,0
20260509_KT_KIA_026,2026-05-09,KT08,KT Batter 8,KT,KIA,A,RF,8.0,5,5,1,0,0,0,0,1,0,1,0,0.0,0,0,0,0,0
20260509_KT_KIA_026,2026-05-09,KT09,KT Batter 9,KT,KIA,A,DH,9.0,5,5,2,0,0,0,3,2,0,0,0,0.0,0,0,0,0,0
20260509_KT_KIA_026,2026-05-09,KT10,KT Starter,KT,KIA,A,P,,0,0,0,0,0,0,0,0,0,0,0,5.0,33,0,5,0,3
20260509_KT_KIA_026,2026-05-09,KT11,KT Reliever 1,KT,KIA,A,P,,0,0,0,0,0,0,0,0,0,0,0,2.0,35,2,2,1,4
20260509_KT_KIA_026,2026-05-09,KT12,KT Reliever 2,KT,KIA,A,P,,0,0,0,0,0,0,0,0,0,0,0,2.0,49,3,6,3,0
20260510_KT_KIA_026,2026-05-10,KIA01,KIA Player 1,KIA,KT,H,C,1.0,3,3,1,0,0,0,2,2,0,0,0,0.0,0,0,0,0,0
20260510_KT_KIA_026,2026-05-10,KIA02,KIA Player 2,KIA,KT,H,1B,2.0,5,4,2,0,0,0,2,1,1,0,0,0.0,0,0,0,0,0
20260510_KT_KIA_026,2026-05-10,KIA03,KIA Player 3,KIA,KT,H,2B,3.0,3,3,0,0,0,0,1,0,0,1,0,0.0,0,0,0,0,0
20260510_KT_KIA_026,2026-05-10,KIA04,KIA Player 4,KIA,KT,H,3B,4.0,5,5,1,1,0,0,3,2,0,1,0,0.0,0,0,0,0,0
20260510_KT_KIA_026,2026-05-10,KIA05,KIA Player 5,KIA,KT,H,SS,5.0,5,5,2,0,0,0,1,0,0,0,0,0.0,0,0,0,0,0
20260510_KT_KIA_026,2026-05-10,KIA06,KIA Player 6,KIA,KT,H,LF,6.0,4,3,1,1,0,0,2,1,1,2,0,0.0,0,0,0,0,0
20260510_KT_KIA_026,2026-05-10,KIA07,KIA Player 7,KIA,KT,H,CF,7.0,4,4,1,0,0,0,3,1,0,0,0,0.0,0,0,0,0,0
20260510_KT_KIA_026,2026-05-10,KIA08,KIA Player 8,KIA,KT,H,RF,8.0,5,4,0,0,0,0,0,1,1,1,0,0.0,0,0,0,0,0
20260510_KT_KIA_026,2026-05-10,KIA09,KIA Player 9,KIA,KT,H,DH,9.0,5,4,1,1,0,0,2,2,1,1,0,0.0,0,0,0,0,0
20260510_KT_KIA_026,2026-05-10,KIA10,KIA Player 10,KIA,KT,H,P,,0,0,0,0,0,0,0,0,0,0,0,5.0,64,3,2,1,2
20260510_KT_KIA_026,2026-05-10,KIA11,KIA Player 11,KIA,KT,H,P,,0,0,0,0,0,0,0,0,0,0,0,2.0,66,1,4,0,5
20260510_KT_KIA_026,2026-05-10,KIA12,KIA Player 12,KIA,KT,H,P,,0,0,0,0,0,0,0,0,0,0,0,2.0,42,2,5,3,0
20260510_KT_KIA_026,2026-05-10,KT01,KT Batter 1,KT,KIA,A,C,1.0,3,3,1,0,0,0,0,0,0,1,0,0.0,0,0,0,0,0
20260510_KT_KIA_026,2026-05-10,KT02,KT Batter 2,KT,KIA,A,1B,2.0,4,3,2,0,0,0,3,2,1,1,1,0.0,0,0,0,0,0
20260510_KT_KIA_026,2026-05-10,KT03,KT Batter 3,KT,KIA,A,2B,3.0,3,3,1,1,0,0,1,1,0,1,0,0.0,0,0,0,0,0
20260510_KT_KIA_026,2026-05-10,KT04,KT Batter 4,KT,KIA,A,3B,4.0,3,3,2,0,0,0,3,2,0,0,1,0.0,0,0,0,0,0
20260510_KT_KIA_026,2026-05-10,KT05,KT Batter 5,KT,KIA,A,SS,5.0,4,4,1,0,0,0,0,0,0,2,0,0.0,0,0,0,0,0
20260510_KT_KIA_026,2026-05-10,KT06,KT Batter 6,KT,KIA,A,LF,6.0,5,4,2,1,0,0,2,0,1,0,0,0.0,0,0,0,0,0
20260510_KT_KIA_026,2026-05-10,KT07,KT Batter 7,KT,KIA,A,CF,7.0,5,4,0,0,0,0,1,2,1,1,0,0.0,0,0,0,0,0
20260510_KT_KIA_026,2026-05-10,KT08,KT Batter 8,KT,KIA,A,RF,8.0,3,3,1,0,0,0,2,0,0,0,0,0.0,0,0,0,0,0
20260510_KT_KIA_026,2026-05-10,KT09,KT Batter 9,KT,KIA,A,DH,9.0,5,5,0,0,0,0,0,2,0,0,0,0.0,0,0,0,0,0
20260510_KT_KIA_026,2026-05-10,KT10,KT Starter,KT,KIA,A,P,,0,0,0,0,0,0,0,0,0,0,0,5.0,33,2,6,0,1
20260510_KT_KIA_026,2026-05-10,KT11,KT Reliever 1,KT,KIA,A,P,,0,0,0,0,0,0,0,0,0,0,0,2.0,38,3,0,0,1
20260510_KT_KIA_026,2026-05-10,KT12,KT Reliever 2,KT,KIA,A,P,,0,0,0,0,0,0,0,0,0,0,0,2.0,45,3,5,1,3
