date,game,production_prediction,production_probability,challenger_prediction,challenger_probability,agreement,actual_winner,production_result,challenger_result,note
2026-03-28,KIA vs SSG,SSG,0.558,SSG,0.57,True,SSG,correct,correct,2026 완료 경기 기준 모니터링용 비교이며 운영 모델 교체 근거가 아닙니다.
2026-03-28,KT vs LG,LG,0.53,LG,0.537,True,KT,miss,miss,2026 완료 경기 기준 모니터링용 비교이며 운영 모델 교체 근거가 아닙니다.
2026-03-28,두산 vs NC,NC,0.558,NC,0.569,True,NC,correct,correct,2026 완료 경기 기준 모니터링용 비교이며 운영 모델 교체 근거가 아닙니다.
2026-03-28,롯데 vs 삼성,삼성,0.556,삼성,0.564,True,롯데,miss,miss,2026 완료 경기 기준 모니터링용 비교이며 운영 모델 교체 근거가 아닙니다.
2026-03-28,키움 vs 한화,한화,0.556,한화,0.564,True,한화,correct,correct,2026 완료 경기 기준 모니터링용 비교이며 운영 모델 교체 근거가 아닙니다.
2026-03-29,KIA vs SSG,SSG,0.583,SSG,0.584,True,SSG,correct,correct,2026 완료 경기 기준 모니터링용 비교이며 운영 모델 교체 근거가 아닙니다.
2026-03-29,KT vs LG,LG,0.524,LG,0.524,True,KT,miss,miss,2026 완료 경기 기준 모니터링용 비교이며 운영 모델 교체 근거가 아닙니다.
2026-03-29,두산 vs NC,NC,0.6,NC,0.606,True,두산,miss,miss,2026 완료 경기 기준 모니터링용 비교이며 운영 모델 교체 근거가 아닙니다.
2026-03-29,롯데 vs 삼성,삼성,0.54,삼성,0.537,True,롯데,miss,miss,2026 완료 경기 기준 모니터링용 비교이며 운영 모델 교체 근거가 아닙니다.
2026-03-29,키움 vs 한화,한화,0.571,한화,0.582,True,한화,correct,correct,2026 완료 경기 기준 모니터링용 비교이며 운영 모델 교체 근거가 아닙니다.
2026-03-31,KIA vs LG,LG,0.561,LG,0.547,True,KIA,miss,miss,2026 완료 경기 기준 모니터링용 비교이며 운영 모델 교체 근거가 아닙니다.
2026-03-31,KT vs 한화,한화,0.543,한화,0.557,True,KT,miss,miss,2026 완료 경기 기준 모니터링용 비교이며 운영 모델 교체 근거가 아닙니다.
2026-03-31,롯데 vs NC,NC,0.581,NC,0.588,True,NC,correct,correct,2026 완료 경기 기준 모니터링용 비교이며 운영 모델 교체 근거가 아닙니다.
2026-03-31,키움 vs SSG,SSG,0.585,SSG,0.586,True,SSG,correct,correct,2026 완료 경기 기준 모니터링용 비교이며 운영 모델 교체 근거가 아닙니다.
2026-04-01,KIA vs LG,LG,0.545,LG,0.528,True,LG,correct,correct,2026 완료 경기 기준 모니터링용 비교이며 운영 모델 교체 근거가 아닙니다.
2026-04-01,KT vs 한화,한화,0.53,한화,0.542,True,KT,miss,miss,2026 완료 경기 기준 모니터링용 비교이며 운영 모델 교체 근거가 아닙니다.
2026-04-01,롯데 vs NC,NC,0.554,NC,0.546,True,NC,correct,correct,2026 완료 경기 기준 모니터링용 비교이며 운영 모델 교체 근거가 아닙니다.
2026-04-01,키움 vs SSG,SSG,0.561,SSG,0.555,True,키움,miss,miss,2026 완료 경기 기준 모니터링용 비교이며 운영 모델 교체 근거가 아닙니다.
2026-04-01,두산 vs 삼성,삼성,0.57,삼성,0.581,True,삼성,correct,correct,2026 완료 경기 기준 모니터링용 비교이며 운영 모델 교체 근거가 아닙니다.
2026-04-02,KIA vs LG,LG,0.553,LG,0.551,True,LG,correct,correct,2026 완료 경기 기준 모니터링용 비교이며 운영 모델 교체 근거가 아닙니다.
2026-04-02,KT vs 한화,한화,0.511,한화,0.511,True,KT,miss,miss,2026 완료 경기 기준 모니터링용 비교이며 운영 모델 교체 근거가 아닙니다.
2026-04-02,롯데 vs NC,NC,0.527,NC,0.523,True,NC,correct,correct,2026 완료 경기 기준 모니터링용 비교이며 운영 모델 교체 근거가 아닙니다.
2026-04-02,키움 vs SSG,SSG,0.551,SSG,0.53,True,SSG,correct,correct,2026 완료 경기 기준 모니터링용 비교이며 운영 모델 교체 근거가 아닙니다.
2026-04-02,두산 vs 삼성,삼성,0.571,삼성,0.578,True,삼성,correct,correct,2026 완료 경기 기준 모니터링용 비교이며 운영 모델 교체 근거가 아닙니다.
2026-04-03,NC vs KIA,NC,0.541,NC,0.545,True,NC,correct,correct,2026 완료 경기 기준 모니터링용 비교이며 운영 모델 교체 근거가 아닙니다.
2026-04-03,삼성 vs KT,KT,0.546,KT,0.545,True,삼성,miss,miss,2026 완료 경기 기준 모니터링용 비교이며 운영 모델 교체 근거가 아닙니다.
2026-04-03,LG vs 키움,LG,0.553,LG,0.554,True,키움,miss,miss,2026 완료 경기 기준 모니터링용 비교이며 운영 모델 교체 근거가 아닙니다.
2026-04-03,SSG vs 롯데,SSG,0.549,SSG,0.555,True,SSG,correct,correct,2026 완료 경기 기준 모니터링용 비교이며 운영 모델 교체 근거가 아닙니다.
2026-04-03,한화 vs 두산,한화,0.555,한화,0.575,True,한화,correct,correct,2026 완료 경기 기준 모니터링용 비교이며 운영 모델 교체 근거가 아닙니다.
2026-04-04,NC vs KIA,NC,0.547,NC,0.55,True,NC,correct,correct,2026 완료 경기 기준 모니터링용 비교이며 운영 모델 교체 근거가 아닙니다.
2026-04-04,삼성 vs KT,KT,0.545,KT,0.546,True,삼성,miss,miss,2026 완료 경기 기준 모니터링용 비교이며 운영 모델 교체 근거가 아닙니다.
2026-04-04,LG vs 키움,LG,0.566,LG,0.522,True,LG,correct,correct,2026 완료 경기 기준 모니터링용 비교이며 운영 모델 교체 근거가 아닙니다.
2026-04-04,SSG vs 롯데,SSG,0.605,SSG,0.618,True,SSG,correct,correct,2026 완료 경기 기준 모니터링용 비교이며 운영 모델 교체 근거가 아닙니다.
2026-04-04,한화 vs 두산,한화,0.577,한화,0.622,True,한화,correct,correct,2026 완료 경기 기준 모니터링용 비교이며 운영 모델 교체 근거가 아닙니다.
2026-04-05,NC vs KIA,NC,0.54,NC,0.544,True,KIA,miss,miss,2026 완료 경기 기준 모니터링용 비교이며 운영 모델 교체 근거가 아닙니다.
2026-04-05,삼성 vs KT,KT,0.514,KT,0.508,True,KT,correct,correct,2026 완료 경기 기준 모니터링용 비교이며 운영 모델 교체 근거가 아닙니다.
2026-04-05,LG vs 키움,LG,0.572,LG,0.566,True,LG,correct,correct,2026 완료 경기 기준 모니터링용 비교이며 운영 모델 교체 근거가 아닙니다.
2026-04-05,SSG vs 롯데,SSG,0.543,SSG,0.566,True,SSG,correct,correct,2026 완료 경기 기준 모니터링용 비교이며 운영 모델 교체 근거가 아닙니다.
2026-04-05,한화 vs 두산,한화,0.593,한화,0.609,True,두산,miss,miss,2026 완료 경기 기준 모니터링용 비교이며 운영 모델 교체 근거가 아닙니다.
2026-04-07,삼성 vs KIA,삼성,0.543,삼성,0.557,True,삼성,correct,correct,2026 완료 경기 기준 모니터링용 비교이며 운영 모델 교체 근거가 아닙니다.
2026-04-07,KT vs 롯데,KT,0.568,KT,0.55,True,KT,correct,correct,2026 완료 경기 기준 모니터링용 비교이며 운영 모델 교체 근거가 아닙니다.
2026-04-07,LG vs NC,NC,0.552,NC,0.545,True,LG,miss,miss,2026 완료 경기 기준 모니터링용 비교이며 운영 모델 교체 근거가 아닙니다.
2026-04-07,한화 vs SSG,SSG,0.542,SSG,0.539,True,한화,miss,miss,2026 완료 경기 기준 모니터링용 비교이며 운영 모델 교체 근거가 아닙니다.
2026-04-07,키움 vs 두산,두산,0.536,두산,0.53,True,키움,miss,miss,2026 완료 경기 기준 모니터링용 비교이며 운영 모델 교체 근거가 아닙니다.
2026-04-08,삼성 vs KIA,삼성,0.573,삼성,0.571,True,KIA,miss,miss,2026 완료 경기 기준 모니터링용 비교이며 운영 모델 교체 근거가 아닙니다.
2026-04-08,KT vs 롯데,KT,0.568,KT,0.551,True,롯데,miss,miss,2026 완료 경기 기준 모니터링용 비교이며 운영 모델 교체 근거가 아닙니다.
2026-04-08,LG vs NC,NC,0.538,NC,0.523,True,LG,miss,miss,2026 완료 경기 기준 모니터링용 비교이며 운영 모델 교체 근거가 아닙니다.
2026-04-08,한화 vs SSG,SSG,0.532,SSG,0.535,True,한화,miss,miss,2026 완료 경기 기준 모니터링용 비교이며 운영 모델 교체 근거가 아닙니다.
2026-04-08,키움 vs 두산,두산,0.508,두산,0.51,True,두산,correct,correct,2026 완료 경기 기준 모니터링용 비교이며 운영 모델 교체 근거가 아닙니다.
2026-04-10,KIA vs 한화,한화,0.57,한화,0.568,True,KIA,miss,miss,2026 완료 경기 기준 모니터링용 비교이며 운영 모델 교체 근거가 아닙니다.
2026-04-10,두산 vs KT,KT,0.568,KT,0.577,True,두산,miss,miss,2026 완료 경기 기준 모니터링용 비교이며 운영 모델 교체 근거가 아닙니다.
2026-04-10,SSG vs LG,LG,0.509,LG,0.516,True,LG,correct,correct,2026 완료 경기 기준 모니터링용 비교이며 운영 모델 교체 근거가 아닙니다.
2026-04-10,NC vs 삼성,삼성,0.507,삼성,0.532,True,삼성,correct,correct,2026 완료 경기 기준 모니터링용 비교이며 운영 모델 교체 근거가 아닙니다.
2026-04-10,롯데 vs 키움,키움,0.504,키움,0.504,True,롯데,miss,miss,2026 완료 경기 기준 모니터링용 비교이며 운영 모델 교체 근거가 아닙니다.
2026-04-11,KIA vs 한화,한화,0.561,한화,0.597,True,KIA,miss,miss,2026 완료 경기 기준 모니터링용 비교이며 운영 모델 교체 근거가 아닙니다.
2026-04-11,두산 vs KT,KT,0.551,KT,0.554,True,KT,correct,correct,2026 완료 경기 기준 모니터링용 비교이며 운영 모델 교체 근거가 아닙니다.
2026-04-11,SSG vs LG,SSG,0.517,SSG,0.507,True,LG,miss,miss,2026 완료 경기 기준 모니터링용 비교이며 운영 모델 교체 근거가 아닙니다.
2026-04-11,NC vs 삼성,삼성,0.538,삼성,0.561,True,삼성,correct,correct,2026 완료 경기 기준 모니터링용 비교이며 운영 모델 교체 근거가 아닙니다.
2026-04-11,롯데 vs 키움,롯데,0.538,롯데,0.544,True,롯데,correct,correct,2026 완료 경기 기준 모니터링용 비교이며 운영 모델 교체 근거가 아닙니다.
2026-04-12,KIA vs 한화,한화,0.556,한화,0.566,True,KIA,miss,miss,2026 완료 경기 기준 모니터링용 비교이며 운영 모델 교체 근거가 아닙니다.
2026-04-12,두산 vs KT,KT,0.551,KT,0.549,True,KT,correct,correct,2026 완료 경기 기준 모니터링용 비교이며 운영 모델 교체 근거가 아닙니다.
2026-04-12,SSG vs LG,LG,0.521,LG,0.522,True,LG,correct,correct,2026 완료 경기 기준 모니터링용 비교이며 운영 모델 교체 근거가 아닙니다.
2026-04-12,NC vs 삼성,삼성,0.56,삼성,0.577,True,삼성,correct,correct,2026 완료 경기 기준 모니터링용 비교이며 운영 모델 교체 근거가 아닙니다.
2026-04-12,롯데 vs 키움,롯데,0.562,롯데,0.545,True,키움,miss,miss,2026 완료 경기 기준 모니터링용 비교이며 운영 모델 교체 근거가 아닙니다.
2026-04-14,키움 vs KIA,KIA,0.567,KIA,0.581,True,KIA,correct,correct,2026 완료 경기 기준 모니터링용 비교이며 운영 모델 교체 근거가 아닙니다.
2026-04-14,KT vs NC,KT,0.54,KT,0.538,True,NC,miss,miss,2026 완료 경기 기준 모니터링용 비교이며 운영 모델 교체 근거가 아닙니다.
2026-04-14,롯데 vs LG,LG,0.521,LG,0.523,True,LG,correct,correct,2026 완료 경기 기준 모니터링용 비교이며 운영 모델 교체 근거가 아닙니다.
2026-04-14,두산 vs SSG,SSG,0.57,SSG,0.597,True,두산,miss,miss,2026 완료 경기 기준 모니터링용 비교이며 운영 모델 교체 근거가 아닙니다.
2026-04-14,삼성 vs 한화,삼성,0.51,삼성,0.508,True,삼성,correct,correct,2026 완료 경기 기준 모니터링용 비교이며 운영 모델 교체 근거가 아닙니다.
2026-04-15,키움 vs KIA,KIA,0.573,KIA,0.596,True,KIA,correct,correct,2026 완료 경기 기준 모니터링용 비교이며 운영 모델 교체 근거가 아닙니다.
2026-04-15,KT vs NC,KT,0.502,NC,0.515,False,KT,correct,miss,2026 완료 경기 기준 모니터링용 비교이며 운영 모델 교체 근거가 아닙니다.
2026-04-15,롯데 vs LG,LG,0.525,LG,0.54,True,롯데,miss,miss,2026 완료 경기 기준 모니터링용 비교이며 운영 모델 교체 근거가 아닙니다.
2026-04-15,두산 vs SSG,SSG,0.547,SSG,0.564,True,SSG,correct,correct,2026 완료 경기 기준 모니터링용 비교이며 운영 모델 교체 근거가 아닙니다.
2026-04-15,삼성 vs 한화,삼성,0.508,삼성,0.505,True,삼성,correct,correct,2026 완료 경기 기준 모니터링용 비교이며 운영 모델 교체 근거가 아닙니다.
2026-04-16,키움 vs KIA,KIA,0.573,KIA,0.601,True,KIA,correct,correct,2026 완료 경기 기준 모니터링용 비교이며 운영 모델 교체 근거가 아닙니다.
2026-04-16,KT vs NC,KT,0.533,KT,0.524,True,KT,correct,correct,2026 완료 경기 기준 모니터링용 비교이며 운영 모델 교체 근거가 아닙니다.
2026-04-16,롯데 vs LG,LG,0.531,LG,0.523,True,LG,correct,correct,2026 완료 경기 기준 모니터링용 비교이며 운영 모델 교체 근거가 아닙니다.
2026-04-16,두산 vs SSG,SSG,0.577,SSG,0.574,True,SSG,correct,correct,2026 완료 경기 기준 모니터링용 비교이며 운영 모델 교체 근거가 아닙니다.
2026-04-16,삼성 vs 한화,삼성,0.536,삼성,0.541,True,삼성,correct,correct,2026 완료 경기 기준 모니터링용 비교이며 운영 모델 교체 근거가 아닙니다.
2026-04-17,KIA vs 두산,KIA,0.509,KIA,0.512,True,KIA,correct,correct,2026 완료 경기 기준 모니터링용 비교이며 운영 모델 교체 근거가 아닙니다.
2026-04-17,키움 vs KT,KT,0.56,KT,0.564,True,KT,correct,correct,2026 완료 경기 기준 모니터링용 비교이며 운영 모델 교체 근거가 아닙니다.
2026-04-18,KIA vs 두산,KIA,0.57,KIA,0.572,True,두산,miss,miss,2026 완료 경기 기준 모니터링용 비교이며 운영 모델 교체 근거가 아닙니다.
2026-04-18,키움 vs KT,KT,0.575,KT,0.588,True,KT,correct,correct,2026 완료 경기 기준 모니터링용 비교이며 운영 모델 교체 근거가 아닙니다.
2026-04-18,LG vs 삼성,삼성,0.537,삼성,0.557,True,삼성,correct,correct,2026 완료 경기 기준 모니터링용 비교이며 운영 모델 교체 근거가 아닙니다.
2026-04-18,SSG vs NC,SSG,0.51,SSG,0.51,True,SSG,correct,correct,2026 완료 경기 기준 모니터링용 비교이며 운영 모델 교체 근거가 아닙니다.
2026-04-18,한화 vs 롯데,한화,0.538,한화,0.542,True,한화,correct,correct,2026 완료 경기 기준 모니터링용 비교이며 운영 모델 교체 근거가 아닙니다.
2026-04-19,KIA vs 두산,KIA,0.509,KIA,0.509,True,두산,miss,miss,2026 완료 경기 기준 모니터링용 비교이며 운영 모델 교체 근거가 아닙니다.
2026-04-19,키움 vs KT,KT,0.59,KT,0.593,True,키움,miss,miss,2026 완료 경기 기준 모니터링용 비교이며 운영 모델 교체 근거가 아닙니다.
2026-04-19,LG vs 삼성,삼성,0.569,삼성,0.606,True,LG,miss,miss,2026 완료 경기 기준 모니터링용 비교이며 운영 모델 교체 근거가 아닙니다.
2026-04-19,SSG vs NC,SSG,0.548,SSG,0.536,True,NC,miss,miss,2026 완료 경기 기준 모니터링용 비교이며 운영 모델 교체 근거가 아닙니다.
2026-04-19,한화 vs 롯데,한화,0.566,한화,0.575,True,한화,correct,correct,2026 완료 경기 기준 모니터링용 비교이며 운영 모델 교체 근거가 아닙니다.
2026-04-21,KIA vs KT,KT,0.547,KT,0.564,True,KT,correct,correct,2026 완료 경기 기준 모니터링용 비교이며 운영 모델 교체 근거가 아닙니다.
2026-04-21,한화 vs LG,LG,0.557,LG,0.555,True,LG,correct,correct,2026 완료 경기 기준 모니터링용 비교이며 운영 모델 교체 근거가 아닙니다.
2026-04-21,NC vs 키움,NC,0.577,NC,0.591,True,키움,miss,miss,2026 완료 경기 기준 모니터링용 비교이며 운영 모델 교체 근거가 아닙니다.
2026-04-21,SSG vs 삼성,삼성,0.549,삼성,0.556,True,SSG,miss,miss,2026 완료 경기 기준 모니터링용 비교이며 운영 모델 교체 근거가 아닙니다.
2026-04-21,두산 vs 롯데,두산,0.527,두산,0.526,True,두산,correct,correct,2026 완료 경기 기준 모니터링용 비교이며 운영 모델 교체 근거가 아닙니다.
2026-04-22,KIA vs KT,KT,0.553,KT,0.563,True,KT,correct,correct,2026 완료 경기 기준 모니터링용 비교이며 운영 모델 교체 근거가 아닙니다.
2026-04-22,한화 vs LG,LG,0.551,LG,0.548,True,LG,correct,correct,2026 완료 경기 기준 모니터링용 비교이며 운영 모델 교체 근거가 아닙니다.
2026-04-22,NC vs 키움,NC,0.522,NC,0.512,True,키움,miss,miss,2026 완료 경기 기준 모니터링용 비교이며 운영 모델 교체 근거가 아닙니다.
2026-04-22,SSG vs 삼성,삼성,0.545,삼성,0.56,True,SSG,miss,miss,2026 완료 경기 기준 모니터링용 비교이며 운영 모델 교체 근거가 아닙니다.
2026-04-22,두산 vs 롯데,두산,0.547,두산,0.544,True,두산,correct,correct,2026 완료 경기 기준 모니터링용 비교이며 운영 모델 교체 근거가 아닙니다.
2026-04-23,KIA vs KT,KT,0.555,KT,0.554,True,KT,correct,correct,2026 완료 경기 기준 모니터링용 비교이며 운영 모델 교체 근거가 아닙니다.
2026-04-23,한화 vs LG,LG,0.544,LG,0.543,True,한화,miss,miss,2026 완료 경기 기준 모니터링용 비교이며 운영 모델 교체 근거가 아닙니다.
2026-04-23,NC vs 키움,NC,0.533,NC,0.526,True,NC,correct,correct,2026 완료 경기 기준 모니터링용 비교이며 운영 모델 교체 근거가 아닙니다.
2026-04-23,SSG vs 삼성,삼성,0.528,삼성,0.535,True,SSG,miss,miss,2026 완료 경기 기준 모니터링용 비교이며 운영 모델 교체 근거가 아닙니다.
2026-04-23,두산 vs 롯데,두산,0.534,두산,0.547,True,롯데,miss,miss,2026 완료 경기 기준 모니터링용 비교이며 운영 모델 교체 근거가 아닙니다.
2026-04-24,롯데 vs KIA,KIA,0.549,KIA,0.556,True,KIA,correct,correct,2026 완료 경기 기준 모니터링용 비교이며 운영 모델 교체 근거가 아닙니다.
2026-04-24,KT vs SSG,SSG,0.506,SSG,0.511,True,SSG,correct,correct,2026 완료 경기 기준 모니터링용 비교이며 운영 모델 교체 근거가 아닙니다.
2026-04-24,LG vs 두산,LG,0.556,LG,0.55,True,LG,correct,correct,2026 완료 경기 기준 모니터링용 비교이며 운영 모델 교체 근거가 아닙니다.
2026-04-24,NC vs 한화,한화,0.539,한화,0.547,True,NC,miss,miss,2026 완료 경기 기준 모니터링용 비교이며 운영 모델 교체 근거가 아닙니다.
2026-04-24,삼성 vs 키움,삼성,0.561,삼성,0.548,True,키움,miss,miss,2026 완료 경기 기준 모니터링용 비교이며 운영 모델 교체 근거가 아닙니다.
2026-04-25,롯데 vs KIA,KIA,0.567,KIA,0.571,True,KIA,correct,correct,2026 완료 경기 기준 모니터링용 비교이며 운영 모델 교체 근거가 아닙니다.
2026-04-25,KT vs SSG,SSG,0.527,SSG,0.537,True,SSG,correct,correct,2026 완료 경기 기준 모니터링용 비교이며 운영 모델 교체 근거가 아닙니다.
2026-04-25,LG vs 두산,LG,0.574,LG,0.565,True,LG,correct,correct,2026 완료 경기 기준 모니터링용 비교이며 운영 모델 교체 근거가 아닙니다.
2026-04-25,NC vs 한화,한화,0.513,한화,0.519,True,한화,correct,correct,2026 완료 경기 기준 모니터링용 비교이며 운영 모델 교체 근거가 아닙니다.
2026-04-25,삼성 vs 키움,삼성,0.543,삼성,0.535,True,키움,miss,miss,2026 완료 경기 기준 모니터링용 비교이며 운영 모델 교체 근거가 아닙니다.
2026-04-26,KT vs SSG,SSG,0.518,SSG,0.53,True,KT,miss,miss,2026 완료 경기 기준 모니터링용 비교이며 운영 모델 교체 근거가 아닙니다.
2026-04-26,LG vs 두산,LG,0.6,LG,0.613,True,두산,miss,miss,2026 완료 경기 기준 모니터링용 비교이며 운영 모델 교체 근거가 아닙니다.
2026-04-26,NC vs 한화,한화,0.525,한화,0.527,True,NC,miss,miss,2026 완료 경기 기준 모니터링용 비교이며 운영 모델 교체 근거가 아닙니다.
2026-04-26,삼성 vs 키움,삼성,0.537,삼성,0.525,True,키움,miss,miss,2026 완료 경기 기준 모니터링용 비교이며 운영 모델 교체 근거가 아닙니다.
2026-04-28,KIA vs NC,NC,0.533,NC,0.533,True,NC,correct,correct,2026 완료 경기 기준 모니터링용 비교이며 운영 모델 교체 근거가 아닙니다.
2026-04-28,LG vs KT,KT,0.508,KT,0.518,True,KT,correct,correct,2026 완료 경기 기준 모니터링용 비교이며 운영 모델 교체 근거가 아닙니다.
2026-04-28,SSG vs 한화,SSG,0.529,SSG,0.527,True,한화,miss,miss,2026 완료 경기 기준 모니터링용 비교이며 운영 모델 교체 근거가 아닙니다.
2026-04-28,삼성 vs 두산,삼성,0.531,삼성,0.526,True,삼성,correct,correct,2026 완료 경기 기준 모니터링용 비교이며 운영 모델 교체 근거가 아닙니다.
2026-04-28,키움 vs 롯데,키움,0.516,롯데,0.504,False,롯데,miss,correct,2026 완료 경기 기준 모니터링용 비교이며 운영 모델 교체 근거가 아닙니다.
2026-04-29,KIA vs NC,NC,0.55,NC,0.554,True,KIA,miss,miss,2026 완료 경기 기준 모니터링용 비교이며 운영 모델 교체 근거가 아닙니다.
2026-04-29,LG vs KT,KT,0.547,KT,0.581,True,KT,correct,correct,2026 완료 경기 기준 모니터링용 비교이며 운영 모델 교체 근거가 아닙니다.
2026-04-29,SSG vs 한화,SSG,0.511,SSG,0.514,True,SSG,correct,correct,2026 완료 경기 기준 모니터링용 비교이며 운영 모델 교체 근거가 아닙니다.
2026-04-29,삼성 vs 두산,삼성,0.537,삼성,0.539,True,두산,miss,miss,2026 완료 경기 기준 모니터링용 비교이며 운영 모델 교체 근거가 아닙니다.
2026-04-29,키움 vs 롯데,키움,0.514,키움,0.52,True,키움,correct,correct,2026 완료 경기 기준 모니터링용 비교이며 운영 모델 교체 근거가 아닙니다.
2026-04-30,KIA vs NC,NC,0.529,NC,0.535,True,NC,correct,correct,2026 완료 경기 기준 모니터링용 비교이며 운영 모델 교체 근거가 아닙니다.
2026-04-30,LG vs KT,KT,0.558,KT,0.591,True,LG,miss,miss,2026 완료 경기 기준 모니터링용 비교이며 운영 모델 교체 근거가 아닙니다.
2026-04-30,SSG vs 한화,SSG,0.534,SSG,0.534,True,SSG,correct,correct,2026 완료 경기 기준 모니터링용 비교이며 운영 모델 교체 근거가 아닙니다.
2026-04-30,삼성 vs 두산,삼성,0.54,삼성,0.557,True,두산,miss,miss,2026 완료 경기 기준 모니터링용 비교이며 운영 모델 교체 근거가 아닙니다.
2026-04-30,키움 vs 롯데,키움,0.506,키움,0.502,True,롯데,miss,miss,2026 완료 경기 기준 모니터링용 비교이며 운영 모델 교체 근거가 아닙니다.
2026-05-01,KT vs KIA,KT,0.589,KT,0.603,True,KT,correct,correct,2026 완료 경기 기준 모니터링용 비교이며 운영 모델 교체 근거가 아닙니다.
2026-05-01,NC vs LG,LG,0.548,LG,0.552,True,LG,correct,correct,2026 완료 경기 기준 모니터링용 비교이며 운영 모델 교체 근거가 아닙니다.
2026-05-01,롯데 vs SSG,SSG,0.587,SSG,0.616,True,롯데,miss,miss,2026 완료 경기 기준 모니터링용 비교이며 운영 모델 교체 근거가 아닙니다.
2026-05-01,두산 vs 키움,두산,0.541,두산,0.533,True,두산,correct,correct,2026 완료 경기 기준 모니터링용 비교이며 운영 모델 교체 근거가 아닙니다.
2026-05-01,한화 vs 삼성,삼성,0.52,삼성,0.518,True,삼성,correct,correct,2026 완료 경기 기준 모니터링용 비교이며 운영 모델 교체 근거가 아닙니다.
2026-05-02,KT vs KIA,KT,0.516,KT,0.525,True,KIA,miss,miss,2026 완료 경기 기준 모니터링용 비교이며 운영 모델 교체 근거가 아닙니다.
2026-05-02,NC vs LG,LG,0.569,LG,0.578,True,LG,correct,correct,2026 완료 경기 기준 모니터링용 비교이며 운영 모델 교체 근거가 아닙니다.
2026-05-02,롯데 vs SSG,SSG,0.589,SSG,0.61,True,롯데,miss,miss,2026 완료 경기 기준 모니터링용 비교이며 운영 모델 교체 근거가 아닙니다.
2026-05-02,두산 vs 키움,두산,0.542,두산,0.552,True,키움,miss,miss,2026 완료 경기 기준 모니터링용 비교이며 운영 모델 교체 근거가 아닙니다.
2026-05-02,한화 vs 삼성,삼성,0.53,삼성,0.521,True,한화,miss,miss,2026 완료 경기 기준 모니터링용 비교이며 운영 모델 교체 근거가 아닙니다.
2026-05-03,KT vs KIA,KT,0.531,KT,0.53,True,KT,correct,correct,2026 완료 경기 기준 모니터링용 비교이며 운영 모델 교체 근거가 아닙니다.
2026-05-03,NC vs LG,LG,0.563,LG,0.587,True,NC,miss,miss,2026 완료 경기 기준 모니터링용 비교이며 운영 모델 교체 근거가 아닙니다.
2026-05-03,롯데 vs SSG,SSG,0.589,SSG,0.617,True,롯데,miss,miss,2026 완료 경기 기준 모니터링용 비교이며 운영 모델 교체 근거가 아닙니다.
2026-05-03,두산 vs 키움,두산,0.549,두산,0.564,True,두산,correct,correct,2026 완료 경기 기준 모니터링용 비교이며 운영 모델 교체 근거가 아닙니다.
2026-05-03,한화 vs 삼성,삼성,0.517,삼성,0.517,True,삼성,correct,correct,2026 완료 경기 기준 모니터링용 비교이며 운영 모델 교체 근거가 아닙니다.
2026-05-05,한화 vs KIA,KIA,0.503,KIA,0.512,True,KIA,correct,correct,2026 완료 경기 기준 모니터링용 비교이며 운영 모델 교체 근거가 아닙니다.
2026-05-05,롯데 vs KT,KT,0.557,KT,0.547,True,KT,correct,correct,2026 완료 경기 기준 모니터링용 비교이며 운영 모델 교체 근거가 아닙니다.
2026-05-05,두산 vs LG,LG,0.576,LG,0.588,True,LG,correct,correct,2026 완료 경기 기준 모니터링용 비교이며 운영 모델 교체 근거가 아닙니다.
2026-05-05,키움 vs 삼성,삼성,0.571,삼성,0.582,True,삼성,correct,correct,2026 완료 경기 기준 모니터링용 비교이며 운영 모델 교체 근거가 아닙니다.
2026-05-06,한화 vs KIA,KIA,0.524,KIA,0.553,True,한화,miss,miss,2026 완료 경기 기준 모니터링용 비교이며 운영 모델 교체 근거가 아닙니다.
2026-05-06,롯데 vs KT,KT,0.557,KT,0.558,True,롯데,miss,miss,2026 완료 경기 기준 모니터링용 비교이며 운영 모델 교체 근거가 아닙니다.
2026-05-06,두산 vs LG,LG,0.549,LG,0.558,True,LG,correct,correct,2026 완료 경기 기준 모니터링용 비교이며 운영 모델 교체 근거가 아닙니다.
2026-05-06,NC vs SSG,SSG,0.566,SSG,0.566,True,SSG,correct,correct,2026 완료 경기 기준 모니터링용 비교이며 운영 모델 교체 근거가 아닙니다.
2026-05-06,키움 vs 삼성,삼성,0.571,삼성,0.558,True,삼성,correct,correct,2026 완료 경기 기준 모니터링용 비교이며 운영 모델 교체 근거가 아닙니다.
2026-05-07,한화 vs KIA,KIA,0.503,KIA,0.527,True,한화,miss,miss,2026 완료 경기 기준 모니터링용 비교이며 운영 모델 교체 근거가 아닙니다.
2026-05-07,두산 vs LG,LG,0.551,LG,0.556,True,두산,miss,miss,2026 완료 경기 기준 모니터링용 비교이며 운영 모델 교체 근거가 아닙니다.
2026-05-07,NC vs SSG,SSG,0.572,SSG,0.564,True,NC,miss,miss,2026 완료 경기 기준 모니터링용 비교이며 운영 모델 교체 근거가 아닙니다.
2026-05-07,키움 vs 삼성,삼성,0.598,삼성,0.596,True,삼성,correct,correct,2026 완료 경기 기준 모니터링용 비교이며 운영 모델 교체 근거가 아닙니다.
2026-05-08,KIA vs 롯데,KIA,0.501,롯데,0.51,False,KIA,correct,miss,2026 완료 경기 기준 모니터링용 비교이며 운영 모델 교체 근거가 아닙니다.
2026-05-08,KT vs 키움,KT,0.569,KT,0.584,True,KT,correct,correct,2026 완료 경기 기준 모니터링용 비교이며 운영 모델 교체 근거가 아닙니다.
2026-05-08,LG vs 한화,LG,0.531,LG,0.51,True,LG,correct,correct,2026 완료 경기 기준 모니터링용 비교이며 운영 모델 교체 근거가 아닙니다.
2026-05-08,삼성 vs NC,삼성,0.528,삼성,0.546,True,삼성,correct,correct,2026 완료 경기 기준 모니터링용 비교이며 운영 모델 교체 근거가 아닙니다.
2026-05-08,SSG vs 두산,SSG,0.548,SSG,0.541,True,SSG,correct,correct,2026 완료 경기 기준 모니터링용 비교이며 운영 모델 교체 근거가 아닙니다.
2026-05-09,KIA vs 롯데,KIA,0.527,KIA,0.53,True,KIA,correct,correct,2026 완료 경기 기준 모니터링용 비교이며 운영 모델 교체 근거가 아닙니다.
2026-05-09,LG vs 한화,LG,0.557,LG,0.559,True,한화,miss,miss,2026 완료 경기 기준 모니터링용 비교이며 운영 모델 교체 근거가 아닙니다.
2026-05-09,삼성 vs NC,삼성,0.55,삼성,0.552,True,삼성,correct,correct,2026 완료 경기 기준 모니터링용 비교이며 운영 모델 교체 근거가 아닙니다.
2026-05-09,SSG vs 두산,SSG,0.561,SSG,0.556,True,두산,miss,miss,2026 완료 경기 기준 모니터링용 비교이며 운영 모델 교체 근거가 아닙니다.
2026-05-10,KIA vs 롯데,KIA,0.535,KIA,0.542,True,롯데,miss,miss,2026 완료 경기 기준 모니터링용 비교이며 운영 모델 교체 근거가 아닙니다.
2026-05-10,KT vs 키움,KT,0.589,KT,0.611,True,키움,miss,miss,2026 완료 경기 기준 모니터링용 비교이며 운영 모델 교체 근거가 아닙니다.
2026-05-10,LG vs 한화,LG,0.53,LG,0.522,True,한화,miss,miss,2026 완료 경기 기준 모니터링용 비교이며 운영 모델 교체 근거가 아닙니다.
2026-05-10,삼성 vs NC,삼성,0.546,삼성,0.565,True,삼성,correct,correct,2026 완료 경기 기준 모니터링용 비교이며 운영 모델 교체 근거가 아닙니다.
2026-05-10,SSG vs 두산,SSG,0.547,SSG,0.534,True,두산,miss,miss,2026 완료 경기 기준 모니터링용 비교이며 운영 모델 교체 근거가 아닙니다.
2026-05-12,두산 vs KIA,두산,0.504,KIA,0.503,False,두산,correct,miss,2026 완료 경기 기준 모니터링용 비교이며 운영 모델 교체 근거가 아닙니다.
2026-05-12,SSG vs KT,KT,0.554,KT,0.558,True,SSG,miss,miss,2026 완료 경기 기준 모니터링용 비교이며 운영 모델 교체 근거가 아닙니다.
2026-05-12,삼성 vs LG,LG,0.512,LG,0.51,True,삼성,miss,miss,2026 완료 경기 기준 모니터링용 비교이며 운영 모델 교체 근거가 아닙니다.
2026-05-12,NC vs 롯데,NC,0.551,NC,0.545,True,NC,correct,correct,2026 완료 경기 기준 모니터링용 비교이며 운영 모델 교체 근거가 아닙니다.
2026-05-12,한화 vs 키움,한화,0.571,한화,0.591,True,한화,correct,correct,2026 완료 경기 기준 모니터링용 비교이며 운영 모델 교체 근거가 아닙니다.
2026-05-13,두산 vs KIA,두산,0.503,두산,0.504,True,KIA,miss,miss,2026 완료 경기 기준 모니터링용 비교이며 운영 모델 교체 근거가 아닙니다.
2026-05-13,SSG vs KT,KT,0.529,KT,0.541,True,KT,correct,correct,2026 완료 경기 기준 모니터링용 비교이며 운영 모델 교체 근거가 아닙니다.
2026-05-13,삼성 vs LG,삼성,0.515,삼성,0.544,True,LG,miss,miss,2026 완료 경기 기준 모니터링용 비교이며 운영 모델 교체 근거가 아닙니다.
2026-05-13,NC vs 롯데,NC,0.528,NC,0.516,True,롯데,miss,miss,2026 완료 경기 기준 모니터링용 비교이며 운영 모델 교체 근거가 아닙니다.
2026-05-13,한화 vs 키움,한화,0.563,한화,0.594,True,키움,miss,miss,2026 완료 경기 기준 모니터링용 비교이며 운영 모델 교체 근거가 아닙니다.
2026-05-14,두산 vs KIA,KIA,0.503,KIA,0.509,True,KIA,correct,correct,2026 완료 경기 기준 모니터링용 비교이며 운영 모델 교체 근거가 아닙니다.
2026-05-14,SSG vs KT,KT,0.555,KT,0.576,True,SSG,miss,miss,2026 완료 경기 기준 모니터링용 비교이며 운영 모델 교체 근거가 아닙니다.
2026-05-14,삼성 vs LG,LG,0.507,LG,0.501,True,삼성,miss,miss,2026 완료 경기 기준 모니터링용 비교이며 운영 모델 교체 근거가 아닙니다.
2026-05-14,NC vs 롯데,NC,0.521,NC,0.504,True,NC,correct,correct,2026 완료 경기 기준 모니터링용 비교이며 운영 모델 교체 근거가 아닙니다.
2026-05-14,한화 vs 키움,한화,0.569,한화,0.568,True,한화,correct,correct,2026 완료 경기 기준 모니터링용 비교이며 운영 모델 교체 근거가 아닙니다.
2026-05-15,KIA vs 삼성,삼성,0.56,삼성,0.58,True,KIA,miss,miss,2026 완료 경기 기준 모니터링용 비교이며 운영 모델 교체 근거가 아닙니다.
2026-05-15,한화 vs KT,KT,0.55,KT,0.554,True,한화,miss,miss,2026 완료 경기 기준 모니터링용 비교이며 운영 모델 교체 근거가 아닙니다.
2026-05-15,LG vs SSG,SSG,0.507,SSG,0.529,True,LG,miss,miss,2026 완료 경기 기준 모니터링용 비교이며 운영 모델 교체 근거가 아닙니다.
2026-05-15,키움 vs NC,NC,0.547,NC,0.565,True,키움,miss,miss,2026 완료 경기 기준 모니터링용 비교이며 운영 모델 교체 근거가 아닙니다.
2026-05-15,롯데 vs 두산,두산,0.551,두산,0.553,True,롯데,miss,miss,2026 완료 경기 기준 모니터링용 비교이며 운영 모델 교체 근거가 아닙니다.
2026-05-16,KIA vs 삼성,삼성,0.545,삼성,0.559,True,삼성,correct,correct,2026 완료 경기 기준 모니터링용 비교이며 운영 모델 교체 근거가 아닙니다.
2026-05-16,한화 vs KT,KT,0.527,KT,0.551,True,한화,miss,miss,2026 완료 경기 기준 모니터링용 비교이며 운영 모델 교체 근거가 아닙니다.
2026-05-16,LG vs SSG,LG,0.515,LG,0.534,True,SSG,miss,miss,2026 완료 경기 기준 모니터링용 비교이며 운영 모델 교체 근거가 아닙니다.
2026-05-16,키움 vs NC,NC,0.543,NC,0.546,True,NC,correct,correct,2026 완료 경기 기준 모니터링용 비교이며 운영 모델 교체 근거가 아닙니다.
2026-05-16,롯데 vs 두산,두산,0.549,두산,0.575,True,두산,correct,correct,2026 완료 경기 기준 모니터링용 비교이며 운영 모델 교체 근거가 아닙니다.
2026-05-17,KIA vs 삼성,삼성,0.557,삼성,0.569,True,KIA,miss,miss,2026 완료 경기 기준 모니터링용 비교이며 운영 모델 교체 근거가 아닙니다.
2026-05-17,한화 vs KT,KT,0.512,한화,0.507,False,KT,correct,miss,2026 완료 경기 기준 모니터링용 비교이며 운영 모델 교체 근거가 아닙니다.
2026-05-17,LG vs SSG,LG,0.503,SSG,0.515,False,LG,correct,miss,2026 완료 경기 기준 모니터링용 비교이며 운영 모델 교체 근거가 아닙니다.
2026-05-17,키움 vs NC,NC,0.547,NC,0.568,True,키움,miss,miss,2026 완료 경기 기준 모니터링용 비교이며 운영 모델 교체 근거가 아닙니다.
2026-05-17,롯데 vs 두산,두산,0.555,두산,0.598,True,두산,correct,correct,2026 완료 경기 기준 모니터링용 비교이며 운영 모델 교체 근거가 아닙니다.
2026-05-19,LG vs KIA,LG,0.539,LG,0.55,True,KIA,miss,miss,2026 완료 경기 기준 모니터링용 비교이며 운영 모델 교체 근거가 아닙니다.
2026-05-19,KT vs 삼성,삼성,0.537,삼성,0.542,True,삼성,correct,correct,2026 완료 경기 기준 모니터링용 비교이며 운영 모델 교체 근거가 아닙니다.
2026-05-19,NC vs 두산,두산,0.529,두산,0.54,True,두산,correct,correct,2026 완료 경기 기준 모니터링용 비교이며 운영 모델 교체 근거가 아닙니다.
2026-05-19,SSG vs 키움,SSG,0.571,SSG,0.566,True,키움,miss,miss,2026 완료 경기 기준 모니터링용 비교이며 운영 모델 교체 근거가 아닙니다.
2026-05-19,롯데 vs 한화,한화,0.559,한화,0.561,True,롯데,miss,miss,2026 완료 경기 기준 모니터링용 비교이며 운영 모델 교체 근거가 아닙니다.
2026-05-20,SSG vs 키움,SSG,0.538,SSG,0.536,True,키움,miss,miss,2026 완료 경기 기준 모니터링용 비교이며 운영 모델 교체 근거가 아닙니다.
2026-05-21,LG vs KIA,LG,0.549,LG,0.528,True,LG,correct,correct,2026 완료 경기 기준 모니터링용 비교이며 운영 모델 교체 근거가 아닙니다.
2026-05-21,KT vs 삼성,삼성,0.543,삼성,0.519,True,삼성,correct,correct,2026 완료 경기 기준 모니터링용 비교이며 운영 모델 교체 근거가 아닙니다.
2026-05-21,NC vs 두산,두산,0.558,두산,0.577,True,두산,correct,correct,2026 완료 경기 기준 모니터링용 비교이며 운영 모델 교체 근거가 아닙니다.
2026-05-21,SSG vs 키움,SSG,0.563,SSG,0.553,True,키움,miss,miss,2026 완료 경기 기준 모니터링용 비교이며 운영 모델 교체 근거가 아닙니다.
2026-05-21,롯데 vs 한화,한화,0.556,한화,0.569,True,롯데,miss,miss,2026 완료 경기 기준 모니터링용 비교이며 운영 모델 교체 근거가 아닙니다.
2026-05-22,SSG vs KIA,KIA,0.514,KIA,0.512,True,KIA,correct,correct,2026 완료 경기 기준 모니터링용 비교이며 운영 모델 교체 근거가 아닙니다.
2026-05-22,NC vs KT,KT,0.576,KT,0.571,True,KT,correct,correct,2026 완료 경기 기준 모니터링용 비교이며 운영 모델 교체 근거가 아닙니다.
2026-05-22,키움 vs LG,LG,0.555,LG,0.554,True,키움,miss,miss,2026 완료 경기 기준 모니터링용 비교이며 운영 모델 교체 근거가 아닙니다.
2026-05-22,두산 vs 한화,한화,0.503,한화,0.519,True,한화,correct,correct,2026 완료 경기 기준 모니터링용 비교이며 운영 모델 교체 근거가 아닙니다.
2026-05-22,삼성 vs 롯데,삼성,0.518,삼성,0.519,True,삼성,correct,correct,2026 완료 경기 기준 모니터링용 비교이며 운영 모델 교체 근거가 아닙니다.
2026-05-23,SSG vs KIA,KIA,0.531,KIA,0.54,True,KIA,correct,correct,2026 완료 경기 기준 모니터링용 비교이며 운영 모델 교체 근거가 아닙니다.
2026-05-23,NC vs KT,KT,0.578,KT,0.578,True,KT,correct,correct,2026 완료 경기 기준 모니터링용 비교이며 운영 모델 교체 근거가 아닙니다.
2026-05-23,키움 vs LG,LG,0.552,LG,0.555,True,LG,correct,correct,2026 완료 경기 기준 모니터링용 비교이며 운영 모델 교체 근거가 아닙니다.
2026-05-23,두산 vs 한화,한화,0.53,한화,0.533,True,한화,correct,correct,2026 완료 경기 기준 모니터링용 비교이며 운영 모델 교체 근거가 아닙니다.
2026-05-23,삼성 vs 롯데,삼성,0.517,삼성,0.525,True,롯데,miss,miss,2026 완료 경기 기준 모니터링용 비교이며 운영 모델 교체 근거가 아닙니다.
2026-05-24,SSG vs KIA,KIA,0.551,KIA,0.548,True,KIA,correct,correct,2026 완료 경기 기준 모니터링용 비교이며 운영 모델 교체 근거가 아닙니다.
2026-05-24,NC vs KT,KT,0.578,KT,0.589,True,NC,miss,miss,2026 완료 경기 기준 모니터링용 비교이며 운영 모델 교체 근거가 아닙니다.
2026-05-24,키움 vs LG,LG,0.551,LG,0.552,True,LG,correct,correct,2026 완료 경기 기준 모니터링용 비교이며 운영 모델 교체 근거가 아닙니다.
2026-05-24,두산 vs 한화,한화,0.54,한화,0.544,True,한화,correct,correct,2026 완료 경기 기준 모니터링용 비교이며 운영 모델 교체 근거가 아닙니다.
2026-05-24,삼성 vs 롯데,삼성,0.529,삼성,0.53,True,삼성,correct,correct,2026 완료 경기 기준 모니터링용 비교이며 운영 모델 교체 근거가 아닙니다.
2026-05-26,KIA vs 키움,키움,0.502,KIA,0.514,False,KIA,miss,correct,2026 완료 경기 기준 모니터링용 비교이며 운영 모델 교체 근거가 아닙니다.
2026-05-26,KT vs 두산,KT,0.518,KT,0.51,True,KT,correct,correct,2026 완료 경기 기준 모니터링용 비교이며 운영 모델 교체 근거가 아닙니다.
2026-05-26,LG vs 롯데,LG,0.53,LG,0.517,True,LG,correct,correct,2026 완료 경기 기준 모니터링용 비교이며 운영 모델 교체 근거가 아닙니다.
2026-05-27,KIA vs 키움,KIA,0.551,KIA,0.553,True,KIA,correct,correct,2026 완료 경기 기준 모니터링용 비교이며 운영 모델 교체 근거가 아닙니다.
2026-05-27,KT vs 두산,KT,0.516,두산,0.505,False,두산,miss,correct,2026 완료 경기 기준 모니터링용 비교이며 운영 모델 교체 근거가 아닙니다.
2026-05-27,LG vs 롯데,LG,0.546,LG,0.545,True,LG,correct,correct,2026 완료 경기 기준 모니터링용 비교이며 운영 모델 교체 근거가 아닙니다.
2026-05-27,한화 vs NC,한화,0.57,한화,0.576,True,NC,miss,miss,2026 완료 경기 기준 모니터링용 비교이며 운영 모델 교체 근거가 아닙니다.
2026-05-27,삼성 vs SSG,삼성,0.579,삼성,0.606,True,삼성,correct,correct,2026 완료 경기 기준 모니터링용 비교이며 운영 모델 교체 근거가 아닙니다.
2026-05-28,KIA vs 키움,KIA,0.55,KIA,0.539,True,KIA,correct,correct,2026 완료 경기 기준 모니터링용 비교이며 운영 모델 교체 근거가 아닙니다.
2026-05-28,KT vs 두산,KT,0.517,KT,0.507,True,KT,correct,correct,2026 완료 경기 기준 모니터링용 비교이며 운영 모델 교체 근거가 아닙니다.
2026-05-28,LG vs 롯데,LG,0.55,LG,0.544,True,롯데,miss,miss,2026 완료 경기 기준 모니터링용 비교이며 운영 모델 교체 근거가 아닙니다.
2026-05-28,한화 vs NC,한화,0.552,한화,0.549,True,한화,correct,correct,2026 완료 경기 기준 모니터링용 비교이며 운영 모델 교체 근거가 아닙니다.
2026-05-28,삼성 vs SSG,삼성,0.563,삼성,0.578,True,삼성,correct,correct,2026 완료 경기 기준 모니터링용 비교이며 운영 모델 교체 근거가 아닙니다.
2026-05-29,KIA vs LG,LG,0.514,LG,0.521,True,LG,correct,correct,2026 완료 경기 기준 모니터링용 비교이며 운영 모델 교체 근거가 아닙니다.
2026-05-29,KT vs 키움,KT,0.554,KT,0.554,True,KT,correct,correct,2026 완료 경기 기준 모니터링용 비교이며 운영 모델 교체 근거가 아닙니다.
2026-05-29,롯데 vs NC,NC,0.507,NC,0.518,True,롯데,miss,miss,2026 완료 경기 기준 모니터링용 비교이며 운영 모델 교체 근거가 아닙니다.
2026-05-29,SSG vs 한화,한화,0.57,한화,0.589,True,한화,correct,correct,2026 완료 경기 기준 모니터링용 비교이며 운영 모델 교체 근거가 아닙니다.
2026-05-29,두산 vs 삼성,삼성,0.576,삼성,0.592,True,두산,miss,miss,2026 완료 경기 기준 모니터링용 비교이며 운영 모델 교체 근거가 아닙니다.
2026-05-30,KIA vs LG,LG,0.528,LG,0.527,True,LG,correct,correct,2026 완료 경기 기준 모니터링용 비교이며 운영 모델 교체 근거가 아닙니다.
2026-05-30,KT vs 키움,KT,0.568,KT,0.569,True,KT,correct,correct,2026 완료 경기 기준 모니터링용 비교이며 운영 모델 교체 근거가 아닙니다.
2026-05-30,롯데 vs NC,롯데,0.511,롯데,0.52,True,NC,miss,miss,2026 완료 경기 기준 모니터링용 비교이며 운영 모델 교체 근거가 아닙니다.
2026-05-30,SSG vs 한화,한화,0.57,한화,0.589,True,한화,correct,correct,2026 완료 경기 기준 모니터링용 비교이며 운영 모델 교체 근거가 아닙니다.
2026-05-30,두산 vs 삼성,삼성,0.561,삼성,0.589,True,두산,miss,miss,2026 완료 경기 기준 모니터링용 비교이며 운영 모델 교체 근거가 아닙니다.
2026-05-31,KIA vs LG,LG,0.53,LG,0.524,True,LG,correct,correct,2026 완료 경기 기준 모니터링용 비교이며 운영 모델 교체 근거가 아닙니다.
2026-05-31,KT vs 키움,KT,0.573,KT,0.579,True,KT,correct,correct,2026 완료 경기 기준 모니터링용 비교이며 운영 모델 교체 근거가 아닙니다.
2026-05-31,롯데 vs NC,NC,0.509,NC,0.521,True,NC,correct,correct,2026 완료 경기 기준 모니터링용 비교이며 운영 모델 교체 근거가 아닙니다.
2026-05-31,SSG vs 한화,한화,0.578,한화,0.579,True,한화,correct,correct,2026 완료 경기 기준 모니터링용 비교이며 운영 모델 교체 근거가 아닙니다.
2026-05-31,두산 vs 삼성,삼성,0.545,삼성,0.538,True,삼성,correct,correct,2026 완료 경기 기준 모니터링용 비교이며 운영 모델 교체 근거가 아닙니다.
2026-06-02,롯데 vs KIA,KIA,0.559,KIA,0.569,True,KIA,correct,correct,2026 완료 경기 기준 모니터링용 비교이며 운영 모델 교체 근거가 아닙니다.
2026-06-02,LG vs KT,LG,0.519,LG,0.529,True,LG,correct,correct,2026 완료 경기 기준 모니터링용 비교이며 운영 모델 교체 근거가 아닙니다.
2026-06-02,NC vs 삼성,삼성,0.573,삼성,0.603,True,삼성,correct,correct,2026 완료 경기 기준 모니터링용 비교이며 운영 모델 교체 근거가 아닙니다.
2026-06-02,키움 vs SSG,SSG,0.54,SSG,0.567,True,키움,miss,miss,2026 완료 경기 기준 모니터링용 비교이며 운영 모델 교체 근거가 아닙니다.
2026-06-02,한화 vs 두산,두산,0.514,두산,0.517,True,두산,correct,correct,2026 완료 경기 기준 모니터링용 비교이며 운영 모델 교체 근거가 아닙니다.
2026-06-03,롯데 vs KIA,KIA,0.559,KIA,0.564,True,롯데,miss,miss,2026 완료 경기 기준 모니터링용 비교이며 운영 모델 교체 근거가 아닙니다.
2026-06-03,LG vs KT,KT,0.5,KT,0.505,True,KT,correct,correct,2026 완료 경기 기준 모니터링용 비교이며 운영 모델 교체 근거가 아닙니다.
2026-06-03,NC vs 삼성,삼성,0.579,삼성,0.607,True,NC,miss,miss,2026 완료 경기 기준 모니터링용 비교이며 운영 모델 교체 근거가 아닙니다.
2026-06-03,키움 vs SSG,키움,0.505,SSG,0.513,False,SSG,miss,correct,2026 완료 경기 기준 모니터링용 비교이며 운영 모델 교체 근거가 아닙니다.
2026-06-04,롯데 vs KIA,KIA,0.559,KIA,0.559,True,KIA,correct,correct,2026 완료 경기 기준 모니터링용 비교이며 운영 모델 교체 근거가 아닙니다.
2026-06-04,LG vs KT,LG,0.504,LG,0.506,True,LG,correct,correct,2026 완료 경기 기준 모니터링용 비교이며 운영 모델 교체 근거가 아닙니다.
2026-06-04,NC vs 삼성,삼성,0.574,삼성,0.586,True,NC,miss,miss,2026 완료 경기 기준 모니터링용 비교이며 운영 모델 교체 근거가 아닙니다.
2026-06-04,키움 vs SSG,SSG,0.536,SSG,0.546,True,SSG,correct,correct,2026 완료 경기 기준 모니터링용 비교이며 운영 모델 교체 근거가 아닙니다.
2026-06-04,한화 vs 두산,두산,0.507,한화,0.501,False,두산,correct,miss,2026 완료 경기 기준 모니터링용 비교이며 운영 모델 교체 근거가 아닙니다.
2026-06-05,삼성 vs KIA,삼성,0.52,KIA,0.502,False,KIA,miss,correct,2026 완료 경기 기준 모니터링용 비교이며 운영 모델 교체 근거가 아닙니다.
2026-06-05,KT vs SSG,KT,0.54,KT,0.537,True,SSG,miss,miss,2026 완료 경기 기준 모니터링용 비교이며 운영 모델 교체 근거가 아닙니다.
2026-06-05,LG vs NC,LG,0.568,LG,0.584,True,LG,correct,correct,2026 완료 경기 기준 모니터링용 비교이며 운영 모델 교체 근거가 아닙니다.
2026-06-05,키움 vs 두산,두산,0.555,두산,0.55,True,두산,correct,correct,2026 완료 경기 기준 모니터링용 비교이며 운영 모델 교체 근거가 아닙니다.
2026-06-05,한화 vs 롯데,한화,0.568,한화,0.552,True,한화,correct,correct,2026 완료 경기 기준 모니터링용 비교이며 운영 모델 교체 근거가 아닙니다.
2026-06-06,삼성 vs KIA,삼성,0.502,KIA,0.507,False,삼성,correct,miss,2026 완료 경기 기준 모니터링용 비교이며 운영 모델 교체 근거가 아닙니다.
2026-06-06,KT vs SSG,KT,0.529,KT,0.523,True,KT,correct,correct,2026 완료 경기 기준 모니터링용 비교이며 운영 모델 교체 근거가 아닙니다.
2026-06-06,LG vs NC,LG,0.534,LG,0.546,True,NC,miss,miss,2026 완료 경기 기준 모니터링용 비교이며 운영 모델 교체 근거가 아닙니다.
2026-06-06,키움 vs 두산,두산,0.555,두산,0.552,True,두산,correct,correct,2026 완료 경기 기준 모니터링용 비교이며 운영 모델 교체 근거가 아닙니다.
2026-06-06,한화 vs 롯데,한화,0.568,한화,0.56,True,한화,correct,correct,2026 완료 경기 기준 모니터링용 비교이며 운영 모델 교체 근거가 아닙니다.
2026-06-07,삼성 vs KIA,삼성,0.507,삼성,0.504,True,KIA,miss,miss,2026 완료 경기 기준 모니터링용 비교이며 운영 모델 교체 근거가 아닙니다.
2026-06-07,KT vs SSG,KT,0.529,KT,0.536,True,SSG,miss,miss,2026 완료 경기 기준 모니터링용 비교이며 운영 모델 교체 근거가 아닙니다.
2026-06-07,LG vs NC,LG,0.549,LG,0.531,True,NC,miss,miss,2026 완료 경기 기준 모니터링용 비교이며 운영 모델 교체 근거가 아닙니다.
2026-06-07,키움 vs 두산,두산,0.568,두산,0.577,True,키움,miss,miss,2026 완료 경기 기준 모니터링용 비교이며 운영 모델 교체 근거가 아닙니다.
2026-06-07,한화 vs 롯데,한화,0.564,한화,0.562,True,한화,correct,correct,2026 완료 경기 기준 모니터링용 비교이며 운영 모델 교체 근거가 아닙니다.
2026-06-09,KIA vs 한화,한화,0.535,한화,0.545,True,KIA,miss,miss,2026 완료 경기 기준 모니터링용 비교이며 운영 모델 교체 근거가 아닙니다.
2026-06-09,삼성 vs KT,삼성,0.527,삼성,0.515,True,KT,miss,miss,2026 완료 경기 기준 모니터링용 비교이며 운영 모델 교체 근거가 아닙니다.
2026-06-09,SSG vs LG,LG,0.556,LG,0.561,True,LG,correct,correct,2026 완료 경기 기준 모니터링용 비교이며 운영 모델 교체 근거가 아닙니다.
2026-06-09,NC vs 키움,NC,0.533,NC,0.535,True,키움,miss,miss,2026 완료 경기 기준 모니터링용 비교이며 운영 모델 교체 근거가 아닙니다.
2026-06-09,두산 vs 롯데,두산,0.565,두산,0.568,True,두산,correct,correct,2026 완료 경기 기준 모니터링용 비교이며 운영 모델 교체 근거가 아닙니다.
2026-06-10,KIA vs 한화,KIA,0.516,KIA,0.526,True,한화,miss,miss,2026 완료 경기 기준 모니터링용 비교이며 운영 모델 교체 근거가 아닙니다.
2026-06-10,삼성 vs KT,KT,0.526,KT,0.518,True,KT,correct,correct,2026 완료 경기 기준 모니터링용 비교이며 운영 모델 교체 근거가 아닙니다.
2026-06-10,SSG vs LG,LG,0.554,LG,0.566,True,LG,correct,correct,2026 완료 경기 기준 모니터링용 비교이며 운영 모델 교체 근거가 아닙니다.
2026-06-10,NC vs 키움,NC,0.528,NC,0.524,True,NC,correct,correct,2026 완료 경기 기준 모니터링용 비교이며 운영 모델 교체 근거가 아닙니다.
2026-06-10,두산 vs 롯데,두산,0.583,두산,0.588,True,롯데,miss,miss,2026 완료 경기 기준 모니터링용 비교이며 운영 모델 교체 근거가 아닙니다.
2026-06-11,KIA vs 한화,한화,0.524,한화,0.53,True,한화,correct,correct,2026 완료 경기 기준 모니터링용 비교이며 운영 모델 교체 근거가 아닙니다.
2026-06-11,삼성 vs KT,KT,0.533,KT,0.53,True,삼성,miss,miss,2026 완료 경기 기준 모니터링용 비교이며 운영 모델 교체 근거가 아닙니다.
2026-06-11,SSG vs LG,LG,0.57,LG,0.59,True,LG,correct,correct,2026 완료 경기 기준 모니터링용 비교이며 운영 모델 교체 근거가 아닙니다.
2026-06-11,NC vs 키움,NC,0.518,NC,0.512,True,NC,correct,correct,2026 완료 경기 기준 모니터링용 비교이며 운영 모델 교체 근거가 아닙니다.
2026-06-11,두산 vs 롯데,두산,0.564,두산,0.542,True,두산,correct,correct,2026 완료 경기 기준 모니터링용 비교이며 운영 모델 교체 근거가 아닙니다.
2026-06-12,두산 vs KIA,KIA,0.528,KIA,0.533,True,두산,miss,miss,2026 완료 경기 기준 모니터링용 비교이며 운영 모델 교체 근거가 아닙니다.
2026-06-12,NC vs KT,KT,0.566,KT,0.574,True,KT,correct,correct,2026 완료 경기 기준 모니터링용 비교이며 운영 모델 교체 근거가 아닙니다.
2026-06-12,롯데 vs LG,LG,0.569,LG,0.596,True,롯데,miss,miss,2026 완료 경기 기준 모니터링용 비교이며 운영 모델 교체 근거가 아닙니다.
2026-06-12,SSG vs 삼성,삼성,0.568,삼성,0.567,True,SSG,miss,miss,2026 완료 경기 기준 모니터링용 비교이며 운영 모델 교체 근거가 아닙니다.
2026-06-12,한화 vs 키움,한화,0.555,한화,0.577,True,키움,miss,miss,2026 완료 경기 기준 모니터링용 비교이며 운영 모델 교체 근거가 아닙니다.
2026-06-13,두산 vs KIA,KIA,0.5,KIA,0.506,True,KIA,correct,correct,2026 완료 경기 기준 모니터링용 비교이며 운영 모델 교체 근거가 아닙니다.
2026-06-13,NC vs KT,KT,0.553,KT,0.551,True,KT,correct,correct,2026 완료 경기 기준 모니터링용 비교이며 운영 모델 교체 근거가 아닙니다.
2026-06-13,롯데 vs LG,LG,0.557,LG,0.558,True,LG,correct,correct,2026 완료 경기 기준 모니터링용 비교이며 운영 모델 교체 근거가 아닙니다.
2026-06-13,SSG vs 삼성,삼성,0.563,삼성,0.568,True,삼성,correct,correct,2026 완료 경기 기준 모니터링용 비교이며 운영 모델 교체 근거가 아닙니다.
2026-06-13,한화 vs 키움,한화,0.54,한화,0.542,True,키움,miss,miss,2026 완료 경기 기준 모니터링용 비교이며 운영 모델 교체 근거가 아닙니다.
2026-06-14,두산 vs KIA,KIA,0.53,KIA,0.533,True,두산,miss,miss,2026 완료 경기 기준 모니터링용 비교이며 운영 모델 교체 근거가 아닙니다.
2026-06-14,롯데 vs LG,LG,0.563,LG,0.585,True,LG,correct,correct,2026 완료 경기 기준 모니터링용 비교이며 운영 모델 교체 근거가 아닙니다.
2026-06-14,SSG vs 삼성,삼성,0.577,삼성,0.59,True,삼성,correct,correct,2026 완료 경기 기준 모니터링용 비교이며 운영 모델 교체 근거가 아닙니다.
2026-06-14,한화 vs 키움,한화,0.535,한화,0.536,True,키움,miss,miss,2026 완료 경기 기준 모니터링용 비교이며 운영 모델 교체 근거가 아닙니다.
2026-06-16,LG vs KIA,LG,0.503,LG,0.523,True,LG,correct,correct,2026 완료 경기 기준 모니터링용 비교이며 운영 모델 교체 근거가 아닙니다.
2026-06-16,KT vs 두산,KT,0.514,KT,0.511,True,KT,correct,correct,2026 완료 경기 기준 모니터링용 비교이며 운영 모델 교체 근거가 아닙니다.
2026-06-16,한화 vs NC,한화,0.554,한화,0.546,True,NC,miss,miss,2026 완료 경기 기준 모니터링용 비교이며 운영 모델 교체 근거가 아닙니다.
2026-06-16,롯데 vs SSG,SSG,0.519,SSG,0.521,True,롯데,miss,miss,2026 완료 경기 기준 모니터링용 비교이며 운영 모델 교체 근거가 아닙니다.
2026-06-16,키움 vs 삼성,삼성,0.562,삼성,0.568,True,삼성,correct,correct,2026 완료 경기 기준 모니터링용 비교이며 운영 모델 교체 근거가 아닙니다.
2026-06-17,LG vs KIA,LG,0.529,LG,0.523,True,KIA,miss,miss,2026 완료 경기 기준 모니터링용 비교이며 운영 모델 교체 근거가 아닙니다.
2026-06-17,KT vs 두산,KT,0.504,KT,0.506,True,KT,correct,correct,2026 완료 경기 기준 모니터링용 비교이며 운영 모델 교체 근거가 아닙니다.
2026-06-17,한화 vs NC,한화,0.534,한화,0.512,True,NC,miss,miss,2026 완료 경기 기준 모니터링용 비교이며 운영 모델 교체 근거가 아닙니다.
2026-06-17,롯데 vs SSG,롯데,0.52,롯데,0.515,True,롯데,correct,correct,2026 완료 경기 기준 모니터링용 비교이며 운영 모델 교체 근거가 아닙니다.
2026-06-17,키움 vs 삼성,삼성,0.556,삼성,0.567,True,삼성,correct,correct,2026 완료 경기 기준 모니터링용 비교이며 운영 모델 교체 근거가 아닙니다.
2026-06-18,LG vs KIA,LG,0.524,LG,0.523,True,KIA,miss,miss,2026 완료 경기 기준 모니터링용 비교이며 운영 모델 교체 근거가 아닙니다.
2026-06-18,KT vs 두산,KT,0.546,KT,0.553,True,두산,miss,miss,2026 완료 경기 기준 모니터링용 비교이며 운영 모델 교체 근거가 아닙니다.
2026-06-18,한화 vs NC,NC,0.519,NC,0.517,True,NC,correct,correct,2026 완료 경기 기준 모니터링용 비교이며 운영 모델 교체 근거가 아닙니다.
2026-06-18,키움 vs 삼성,삼성,0.572,삼성,0.591,True,삼성,correct,correct,2026 완료 경기 기준 모니터링용 비교이며 운영 모델 교체 근거가 아닙니다.
2026-06-19,KIA vs KT,KT,0.517,KT,0.53,True,KIA,miss,miss,2026 완료 경기 기준 모니터링용 비교이며 운영 모델 교체 근거가 아닙니다.
2026-06-19,두산 vs LG,LG,0.541,LG,0.541,True,LG,correct,correct,2026 완료 경기 기준 모니터링용 비교이며 운영 모델 교체 근거가 아닙니다.
2026-06-19,SSG vs NC,NC,0.557,NC,0.559,True,NC,correct,correct,2026 완료 경기 기준 모니터링용 비교이며 운영 모델 교체 근거가 아닙니다.
2026-06-19,롯데 vs 키움,롯데,0.518,롯데,0.503,True,롯데,correct,correct,2026 완료 경기 기준 모니터링용 비교이며 운영 모델 교체 근거가 아닙니다.
2026-06-20,KIA vs KT,KT,0.508,KT,0.522,True,KT,correct,correct,2026 완료 경기 기준 모니터링용 비교이며 운영 모델 교체 근거가 아닙니다.
2026-06-20,두산 vs LG,LG,0.558,LG,0.562,True,LG,correct,correct,2026 완료 경기 기준 모니터링용 비교이며 운영 모델 교체 근거가 아닙니다.
2026-06-20,SSG vs NC,NC,0.558,NC,0.574,True,SSG,miss,miss,2026 완료 경기 기준 모니터링용 비교이며 운영 모델 교체 근거가 아닙니다.
2026-06-20,롯데 vs 키움,롯데,0.55,롯데,0.534,True,롯데,correct,correct,2026 완료 경기 기준 모니터링용 비교이며 운영 모델 교체 근거가 아닙니다.
2026-06-20,삼성 vs 한화,삼성,0.531,삼성,0.53,True,한화,miss,miss,2026 완료 경기 기준 모니터링용 비교이며 운영 모델 교체 근거가 아닙니다.
2026-06-21,KIA vs KT,KT,0.513,KT,0.531,True,KIA,miss,miss,2026 완료 경기 기준 모니터링용 비교이며 운영 모델 교체 근거가 아닙니다.
2026-06-21,두산 vs LG,LG,0.56,LG,0.565,True,LG,correct,correct,2026 완료 경기 기준 모니터링용 비교이며 운영 모델 교체 근거가 아닙니다.
2026-06-21,SSG vs NC,NC,0.548,NC,0.553,True,SSG,miss,miss,2026 완료 경기 기준 모니터링용 비교이며 운영 모델 교체 근거가 아닙니다.
2026-06-21,롯데 vs 키움,롯데,0.547,롯데,0.532,True,롯데,correct,correct,2026 완료 경기 기준 모니터링용 비교이며 운영 모델 교체 근거가 아닙니다.
2026-06-21,삼성 vs 한화,삼성,0.513,삼성,0.506,True,삼성,correct,correct,2026 완료 경기 기준 모니터링용 비교이며 운영 모델 교체 근거가 아닙니다.
2026-06-23,KIA vs 키움,KIA,0.55,KIA,0.549,True,KIA,correct,correct,2026 완료 경기 기준 모니터링용 비교이며 운영 모델 교체 근거가 아닙니다.
2026-06-23,SSG vs KT,KT,0.558,KT,0.577,True,KT,correct,correct,2026 완료 경기 기준 모니터링용 비교이며 운영 모델 교체 근거가 아닙니다.
2026-06-23,삼성 vs LG,LG,0.543,LG,0.548,True,LG,correct,correct,2026 완료 경기 기준 모니터링용 비교이며 운영 모델 교체 근거가 아닙니다.
2026-06-23,NC vs 롯데,NC,0.505,NC,0.511,True,롯데,miss,miss,2026 완료 경기 기준 모니터링용 비교이며 운영 모델 교체 근거가 아닙니다.
2026-06-23,두산 vs 한화,두산,0.501,한화,0.513,False,한화,miss,correct,2026 완료 경기 기준 모니터링용 비교이며 운영 모델 교체 근거가 아닙니다.
2026-06-24,KIA vs 키움,KIA,0.571,KIA,0.564,True,KIA,correct,correct,2026 완료 경기 기준 모니터링용 비교이며 운영 모델 교체 근거가 아닙니다.
2026-06-24,SSG vs KT,KT,0.565,KT,0.573,True,SSG,miss,miss,2026 완료 경기 기준 모니터링용 비교이며 운영 모델 교체 근거가 아닙니다.
2026-06-24,삼성 vs LG,LG,0.554,LG,0.566,True,LG,correct,correct,2026 완료 경기 기준 모니터링용 비교이며 운영 모델 교체 근거가 아닙니다.
2026-06-24,NC vs 롯데,롯데,0.518,롯데,0.511,True,롯데,correct,correct,2026 완료 경기 기준 모니터링용 비교이며 운영 모델 교체 근거가 아닙니다.
2026-06-24,두산 vs 한화,한화,0.533,한화,0.567,True,두산,miss,miss,2026 완료 경기 기준 모니터링용 비교이며 운영 모델 교체 근거가 아닙니다.
2026-06-25,KIA vs 키움,KIA,0.586,KIA,0.581,True,KIA,correct,correct,2026 완료 경기 기준 모니터링용 비교이며 운영 모델 교체 근거가 아닙니다.
2026-06-25,SSG vs KT,KT,0.558,KT,0.566,True,KT,correct,correct,2026 완료 경기 기준 모니터링용 비교이며 운영 모델 교체 근거가 아닙니다.
2026-06-25,삼성 vs LG,LG,0.549,LG,0.565,True,삼성,miss,miss,2026 완료 경기 기준 모니터링용 비교이며 운영 모델 교체 근거가 아닙니다.
2026-06-25,NC vs 롯데,NC,0.505,롯데,0.533,False,NC,correct,miss,2026 완료 경기 기준 모니터링용 비교이며 운영 모델 교체 근거가 아닙니다.
2026-06-25,두산 vs 한화,한화,0.506,한화,0.514,True,두산,miss,miss,2026 완료 경기 기준 모니터링용 비교이며 운영 모델 교체 근거가 아닙니다.
2026-06-26,KIA vs 두산,두산,0.524,두산,0.516,True,두산,correct,correct,2026 완료 경기 기준 모니터링용 비교이며 운영 모델 교체 근거가 아닙니다.
2026-06-26,KT vs 삼성,삼성,0.504,삼성,0.514,True,삼성,correct,correct,2026 완료 경기 기준 모니터링용 비교이며 운영 모델 교체 근거가 아닙니다.
2026-06-26,LG vs 롯데,LG,0.528,LG,0.533,True,롯데,miss,miss,2026 완료 경기 기준 모니터링용 비교이며 운영 모델 교체 근거가 아닙니다.
2026-06-26,키움 vs NC,NC,0.566,NC,0.574,True,NC,correct,correct,2026 완료 경기 기준 모니터링용 비교이며 운영 모델 교체 근거가 아닙니다.
2026-06-26,한화 vs SSG,한화,0.522,한화,0.512,True,한화,correct,correct,2026 완료 경기 기준 모니터링용 비교이며 운영 모델 교체 근거가 아닙니다.
2026-06-27,KIA vs 두산,두산,0.525,두산,0.516,True,두산,correct,correct,2026 완료 경기 기준 모니터링용 비교이며 운영 모델 교체 근거가 아닙니다.
2026-06-27,KT vs 삼성,삼성,0.535,삼성,0.541,True,삼성,correct,correct,2026 완료 경기 기준 모니터링용 비교이며 운영 모델 교체 근거가 아닙니다.
2026-06-27,LG vs 롯데,LG,0.56,LG,0.564,True,LG,correct,correct,2026 완료 경기 기준 모니터링용 비교이며 운영 모델 교체 근거가 아닙니다.
2026-06-27,키움 vs NC,NC,0.566,NC,0.584,True,키움,miss,miss,2026 완료 경기 기준 모니터링용 비교이며 운영 모델 교체 근거가 아닙니다.
2026-06-27,한화 vs SSG,한화,0.568,한화,0.558,True,한화,correct,correct,2026 완료 경기 기준 모니터링용 비교이며 운영 모델 교체 근거가 아닙니다.
2026-06-28,KIA vs 두산,두산,0.517,두산,0.525,True,KIA,miss,miss,2026 완료 경기 기준 모니터링용 비교이며 운영 모델 교체 근거가 아닙니다.
2026-06-28,KT vs 삼성,삼성,0.543,삼성,0.553,True,삼성,correct,correct,2026 완료 경기 기준 모니터링용 비교이며 운영 모델 교체 근거가 아닙니다.
2026-06-28,LG vs 롯데,LG,0.575,LG,0.568,True,롯데,miss,miss,2026 완료 경기 기준 모니터링용 비교이며 운영 모델 교체 근거가 아닙니다.
2026-06-28,키움 vs NC,NC,0.562,NC,0.576,True,NC,correct,correct,2026 완료 경기 기준 모니터링용 비교이며 운영 모델 교체 근거가 아닙니다.
2026-06-28,한화 vs SSG,한화,0.56,한화,0.545,True,한화,correct,correct,2026 완료 경기 기준 모니터링용 비교이며 운영 모델 교체 근거가 아닙니다.
2026-06-30,SSG vs KIA,KIA,0.572,KIA,0.587,True,KIA,correct,correct,2026 완료 경기 기준 모니터링용 비교이며 운영 모델 교체 근거가 아닙니다.
2026-06-30,LG vs 키움,LG,0.585,LG,0.623,True,키움,miss,miss,2026 완료 경기 기준 모니터링용 비교이며 운영 모델 교체 근거가 아닙니다.
2026-06-30,삼성 vs NC,삼성,0.547,삼성,0.545,True,삼성,correct,correct,2026 완료 경기 기준 모니터링용 비교이며 운영 모델 교체 근거가 아닙니다.
2026-06-30,롯데 vs 두산,두산,0.536,두산,0.541,True,두산,correct,correct,2026 완료 경기 기준 모니터링용 비교이며 운영 모델 교체 근거가 아닙니다.
2026-07-01,KT vs 한화,KT,0.5,한화,0.506,False,KT,correct,miss,2026 완료 경기 기준 모니터링용 비교이며 운영 모델 교체 근거가 아닙니다.
2026-07-01,LG vs 키움,LG,0.583,LG,0.621,True,LG,correct,correct,2026 완료 경기 기준 모니터링용 비교이며 운영 모델 교체 근거가 아닙니다.
2026-07-01,삼성 vs NC,삼성,0.57,삼성,0.577,True,NC,miss,miss,2026 완료 경기 기준 모니터링용 비교이며 운영 모델 교체 근거가 아닙니다.
2026-07-01,롯데 vs 두산,두산,0.555,두산,0.547,True,롯데,miss,miss,2026 완료 경기 기준 모니터링용 비교이며 운영 모델 교체 근거가 아닙니다.
2026-07-02,SSG vs KIA,KIA,0.578,KIA,0.592,True,KIA,correct,correct,2026 완료 경기 기준 모니터링용 비교이며 운영 모델 교체 근거가 아닙니다.
2026-07-02,KT vs 한화,KT,0.514,한화,0.501,False,한화,miss,correct,2026 완료 경기 기준 모니터링용 비교이며 운영 모델 교체 근거가 아닙니다.
2026-07-02,LG vs 키움,LG,0.589,LG,0.626,True,LG,correct,correct,2026 완료 경기 기준 모니터링용 비교이며 운영 모델 교체 근거가 아닙니다.
2026-07-02,삼성 vs NC,삼성,0.544,삼성,0.575,True,삼성,correct,correct,2026 완료 경기 기준 모니터링용 비교이며 운영 모델 교체 근거가 아닙니다.
2026-07-02,롯데 vs 두산,두산,0.529,두산,0.541,True,두산,correct,correct,2026 완료 경기 기준 모니터링용 비교이며 운영 모델 교체 근거가 아닙니다.
2026-07-03,NC vs KIA,KIA,0.572,KIA,0.557,True,NC,miss,miss,2026 완료 경기 기준 모니터링용 비교이며 운영 모델 교체 근거가 아닙니다.
2026-07-03,롯데 vs KT,KT,0.549,KT,0.549,True,롯데,miss,miss,2026 완료 경기 기준 모니터링용 비교이며 운영 모델 교체 근거가 아닙니다.
2026-07-03,한화 vs LG,LG,0.559,LG,0.57,True,한화,miss,miss,2026 완료 경기 기준 모니터링용 비교이며 운영 모델 교체 근거가 아닙니다.
2026-07-03,삼성 vs SSG,삼성,0.572,삼성,0.622,True,삼성,correct,correct,2026 완료 경기 기준 모니터링용 비교이며 운영 모델 교체 근거가 아닙니다.
2026-07-03,두산 vs 키움,두산,0.57,두산,0.567,True,키움,miss,miss,2026 완료 경기 기준 모니터링용 비교이며 운영 모델 교체 근거가 아닙니다.
2026-07-04,NC vs KIA,KIA,0.541,KIA,0.561,True,NC,miss,miss,2026 완료 경기 기준 모니터링용 비교이며 운영 모델 교체 근거가 아닙니다.
2026-07-04,롯데 vs KT,KT,0.534,KT,0.534,True,롯데,miss,miss,2026 완료 경기 기준 모니터링용 비교이며 운영 모델 교체 근거가 아닙니다.
2026-07-04,한화 vs LG,LG,0.552,LG,0.571,True,LG,correct,correct,2026 완료 경기 기준 모니터링용 비교이며 운영 모델 교체 근거가 아닙니다.
2026-07-04,삼성 vs SSG,삼성,0.572,삼성,0.606,True,삼성,correct,correct,2026 완료 경기 기준 모니터링용 비교이며 운영 모델 교체 근거가 아닙니다.
2026-07-04,두산 vs 키움,두산,0.571,두산,0.577,True,두산,correct,correct,2026 완료 경기 기준 모니터링용 비교이며 운영 모델 교체 근거가 아닙니다.
2026-07-05,롯데 vs KT,롯데,0.503,롯데,0.505,True,KT,miss,miss,2026 완료 경기 기준 모니터링용 비교이며 운영 모델 교체 근거가 아닙니다.
2026-07-05,삼성 vs SSG,삼성,0.56,삼성,0.565,True,삼성,correct,correct,2026 완료 경기 기준 모니터링용 비교이며 운영 모델 교체 근거가 아닙니다.
2026-07-05,두산 vs 키움,두산,0.575,두산,0.573,True,두산,correct,correct,2026 완료 경기 기준 모니터링용 비교이며 운영 모델 교체 근거가 아닙니다.
2026-07-07,KIA vs 롯데,KIA,0.509,KIA,0.521,True,롯데,miss,miss,2026 완료 경기 기준 모니터링용 비교이며 운영 모델 교체 근거가 아닙니다.
2026-07-07,키움 vs KT,KT,0.601,KT,0.618,True,KT,correct,correct,2026 완료 경기 기준 모니터링용 비교이며 운영 모델 교체 근거가 아닙니다.
2026-07-07,LG vs 삼성,삼성,0.528,삼성,0.553,True,삼성,correct,correct,2026 완료 경기 기준 모니터링용 비교이며 운영 모델 교체 근거가 아닙니다.
2026-07-07,NC vs 한화,한화,0.511,한화,0.533,True,NC,miss,miss,2026 완료 경기 기준 모니터링용 비교이며 운영 모델 교체 근거가 아닙니다.
2026-07-07,SSG vs 두산,두산,0.576,두산,0.587,True,SSG,miss,miss,2026 완료 경기 기준 모니터링용 비교이며 운영 모델 교체 근거가 아닙니다.
2026-07-08,KIA vs 롯데,KIA,0.515,KIA,0.524,True,롯데,miss,miss,2026 완료 경기 기준 모니터링용 비교이며 운영 모델 교체 근거가 아닙니다.
2026-07-08,키움 vs KT,KT,0.584,KT,0.602,True,KT,correct,correct,2026 완료 경기 기준 모니터링용 비교이며 운영 모델 교체 근거가 아닙니다.
2026-07-08,LG vs 삼성,삼성,0.578,삼성,0.605,True,LG,miss,miss,2026 완료 경기 기준 모니터링용 비교이며 운영 모델 교체 근거가 아닙니다.
2026-07-08,SSG vs 두산,두산,0.581,두산,0.594,True,두산,correct,correct,2026 완료 경기 기준 모니터링용 비교이며 운영 모델 교체 근거가 아닙니다.
2026-07-09,KIA vs 롯데,롯데,0.517,KIA,0.502,False,KIA,miss,correct,2026 완료 경기 기준 모니터링용 비교이며 운영 모델 교체 근거가 아닙니다.
2026-07-09,LG vs 삼성,삼성,0.534,삼성,0.551,True,삼성,correct,correct,2026 완료 경기 기준 모니터링용 비교이며 운영 모델 교체 근거가 아닙니다.
2026-07-09,NC vs 한화,한화,0.504,NC,0.51,False,한화,correct,miss,2026 완료 경기 기준 모니터링용 비교이며 운영 모델 교체 근거가 아닙니다.
2026-07-09,SSG vs 두산,두산,0.576,두산,0.592,True,두산,correct,correct,2026 완료 경기 기준 모니터링용 비교이며 운영 모델 교체 근거가 아닙니다.
2026-07-16,KIA vs SSG,KIA,0.553,KIA,0.57,True,SSG,miss,miss,2026 완료 경기 기준 모니터링용 비교이며 운영 모델 교체 근거가 아닙니다.
2026-07-16,KT vs LG,LG,0.545,LG,0.546,True,KT,miss,miss,2026 완료 경기 기준 모니터링용 비교이며 운영 모델 교체 근거가 아닙니다.
2026-07-16,두산 vs NC,두산,0.508,두산,0.501,True,NC,miss,miss,2026 완료 경기 기준 모니터링용 비교이며 운영 모델 교체 근거가 아닙니다.
2026-07-16,롯데 vs 삼성,삼성,0.554,삼성,0.573,True,삼성,correct,correct,2026 완료 경기 기준 모니터링용 비교이며 운영 모델 교체 근거가 아닙니다.
2026-07-16,키움 vs 한화,한화,0.586,한화,0.575,True,키움,miss,miss,2026 완료 경기 기준 모니터링용 비교이며 운영 모델 교체 근거가 아닙니다.
2026-07-17,KIA vs SSG,KIA,0.55,KIA,0.566,True,KIA,correct,correct,2026 완료 경기 기준 모니터링용 비교이며 운영 모델 교체 근거가 아닙니다.
2026-07-17,KT vs LG,LG,0.529,LG,0.527,True,KT,miss,miss,2026 완료 경기 기준 모니터링용 비교이며 운영 모델 교체 근거가 아닙니다.
2026-07-17,두산 vs NC,NC,0.526,NC,0.527,True,두산,miss,miss,2026 완료 경기 기준 모니터링용 비교이며 운영 모델 교체 근거가 아닙니다.
2026-07-17,키움 vs 한화,한화,0.574,한화,0.563,True,키움,miss,miss,2026 완료 경기 기준 모니터링용 비교이며 운영 모델 교체 근거가 아닙니다.
2026-07-18,KIA vs SSG,KIA,0.55,KIA,0.556,True,KIA,correct,correct,2026 완료 경기 기준 모니터링용 비교이며 운영 모델 교체 근거가 아닙니다.
2026-07-18,KT vs LG,LG,0.518,LG,0.515,True,KT,miss,miss,2026 완료 경기 기준 모니터링용 비교이며 운영 모델 교체 근거가 아닙니다.
2026-07-18,두산 vs NC,두산,0.505,두산,0.501,True,두산,correct,correct,2026 완료 경기 기준 모니터링용 비교이며 운영 모델 교체 근거가 아닙니다.
2026-07-18,롯데 vs 삼성,삼성,0.562,삼성,0.564,True,삼성,correct,correct,2026 완료 경기 기준 모니터링용 비교이며 운영 모델 교체 근거가 아닙니다.
2026-07-18,키움 vs 한화,한화,0.571,한화,0.574,True,키움,miss,miss,2026 완료 경기 기준 모니터링용 비교이며 운영 모델 교체 근거가 아닙니다.
2026-07-19,KIA vs SSG,KIA,0.567,KIA,0.572,True,KIA,correct,correct,2026 완료 경기 기준 모니터링용 비교이며 운영 모델 교체 근거가 아닙니다.
2026-07-19,KT vs LG,KT,0.502,KT,0.506,True,KT,correct,correct,2026 완료 경기 기준 모니터링용 비교이며 운영 모델 교체 근거가 아닙니다.
2026-07-19,두산 vs NC,두산,0.507,두산,0.513,True,두산,correct,correct,2026 완료 경기 기준 모니터링용 비교이며 운영 모델 교체 근거가 아닙니다.
2026-07-19,롯데 vs 삼성,삼성,0.557,삼성,0.578,True,롯데,miss,miss,2026 완료 경기 기준 모니터링용 비교이며 운영 모델 교체 근거가 아닙니다.
2026-07-21,한화 vs KIA,KIA,0.545,KIA,0.544,True,KIA,correct,correct,2026 완료 경기 기준 모니터링용 비교이며 운영 모델 교체 근거가 아닙니다.
2026-07-21,NC vs LG,LG,0.544,LG,0.537,True,NC,miss,miss,2026 완료 경기 기준 모니터링용 비교이며 운영 모델 교체 근거가 아닙니다.
2026-07-21,SSG vs 롯데,롯데,0.58,롯데,0.602,True,롯데,correct,correct,2026 완료 경기 기준 모니터링용 비교이며 운영 모델 교체 근거가 아닙니다.
2026-07-21,삼성 vs 키움,삼성,0.558,삼성,0.537,True,삼성,correct,correct,2026 완료 경기 기준 모니터링용 비교이며 운영 모델 교체 근거가 아닙니다.
2026-07-22,한화 vs KIA,KIA,0.566,KIA,0.573,True,한화,miss,miss,2026 완료 경기 기준 모니터링용 비교이며 운영 모델 교체 근거가 아닙니다.
2026-07-22,SSG vs 롯데,롯데,0.58,롯데,0.611,True,SSG,miss,miss,2026 완료 경기 기준 모니터링용 비교이며 운영 모델 교체 근거가 아닙니다.
2026-07-22,삼성 vs 키움,삼성,0.535,삼성,0.543,True,키움,miss,miss,2026 완료 경기 기준 모니터링용 비교이며 운영 모델 교체 근거가 아닙니다.
2026-07-23,한화 vs KIA,KIA,0.532,KIA,0.549,True,한화,miss,miss,2026 완료 경기 기준 모니터링용 비교이며 운영 모델 교체 근거가 아닙니다.
2026-07-23,NC vs LG,LG,0.528,LG,0.515,True,NC,miss,miss,2026 완료 경기 기준 모니터링용 비교이며 운영 모델 교체 근거가 아닙니다.
2026-07-23,SSG vs 롯데,롯데,0.581,롯데,0.588,True,SSG,miss,miss,2026 완료 경기 기준 모니터링용 비교이며 운영 모델 교체 근거가 아닙니다.
2026-07-23,삼성 vs 키움,삼성,0.562,삼성,0.59,True,삼성,correct,correct,2026 완료 경기 기준 모니터링용 비교이며 운영 모델 교체 근거가 아닙니다.
2026-07-24,키움 vs KIA,KIA,0.565,KIA,0.576,True,키움,miss,miss,2026 완료 경기 기준 모니터링용 비교이며 운영 모델 교체 근거가 아닙니다.
2026-07-24,KT vs 롯데,KT,0.518,KT,0.514,True,KT,correct,correct,2026 완료 경기 기준 모니터링용 비교이며 운영 모델 교체 근거가 아닙니다.
2026-07-24,LG vs 한화,한화,0.508,한화,0.522,True,한화,correct,correct,2026 완료 경기 기준 모니터링용 비교이며 운영 모델 교체 근거가 아닙니다.
2026-07-24,NC vs SSG,NC,0.545,NC,0.547,True,SSG,miss,miss,2026 완료 경기 기준 모니터링용 비교이며 운영 모델 교체 근거가 아닙니다.
2026-07-24,삼성 vs 두산,삼성,0.526,삼성,0.526,True,삼성,correct,correct,2026 완료 경기 기준 모니터링용 비교이며 운영 모델 교체 근거가 아닙니다.
2026-07-25,키움 vs KIA,KIA,0.572,KIA,0.598,True,KIA,correct,correct,2026 완료 경기 기준 모니터링용 비교이며 운영 모델 교체 근거가 아닙니다.
2026-07-25,KT vs 롯데,KT,0.506,KT,0.512,True,KT,correct,correct,2026 완료 경기 기준 모니터링용 비교이며 운영 모델 교체 근거가 아닙니다.
2026-07-25,LG vs 한화,한화,0.529,한화,0.551,True,LG,miss,miss,2026 완료 경기 기준 모니터링용 비교이며 운영 모델 교체 근거가 아닙니다.
2026-07-25,NC vs SSG,NC,0.534,NC,0.53,True,SSG,miss,miss,2026 완료 경기 기준 모니터링용 비교이며 운영 모델 교체 근거가 아닙니다.
2026-07-25,삼성 vs 두산,삼성,0.543,삼성,0.581,True,삼성,correct,correct,2026 완료 경기 기준 모니터링용 비교이며 운영 모델 교체 근거가 아닙니다.
2026-07-26,키움 vs KIA,KIA,0.571,KIA,0.602,True,키움,miss,miss,2026 완료 경기 기준 모니터링용 비교이며 운영 모델 교체 근거가 아닙니다.
2026-07-26,KT vs 롯데,KT,0.512,KT,0.514,True,롯데,miss,miss,2026 완료 경기 기준 모니터링용 비교이며 운영 모델 교체 근거가 아닙니다.
2026-07-26,LG vs 한화,한화,0.507,한화,0.518,True,한화,correct,correct,2026 완료 경기 기준 모니터링용 비교이며 운영 모델 교체 근거가 아닙니다.
2026-07-26,삼성 vs 두산,삼성,0.526,삼성,0.523,True,두산,miss,miss,2026 완료 경기 기준 모니터링용 비교이며 운영 모델 교체 근거가 아닙니다.
