prediction_date,game_date,game_id,away_team,home_team,predicted_winner,predicted_probability,predicted_edge_label,recommendation_strength,recommendation_grade,win_pick_recommendation,handicap_recommendation,over_under_recommendation,daily_rank,daily_edge_percentile,is_daily_top_pick,is_daily_top_tier,actual_winner,actual_away_score,actual_home_score,win_pick_result,confidence_bucket,market_policy_result,production_model_name,note
2026-05-20,2026-05-20,20260520SKWO0,SSG,키움,SSG,0.528,SSG 박빙 우세,약우세,C등급,승패 약우세,핸디캡 관망,오버/언더 관망,5,0.6,False,False,키움,5,6,incorrect,52~55%,win_pick_evaluated;handicap_not_available;over_under_not_available,핵심 수치 RandomForest 보수 모델,Post-game audit only. Results are not used as pre-game features.
2026-05-21,2026-05-21,20260521LGHT0,LG,KIA,KIA,0.521,KIA 박빙 우세,약우세,C등급,승패 약우세,핸디캡 관망,오버/언더 관망,5,0.6,False,False,LG,5,3,incorrect,52~55%,win_pick_evaluated;handicap_not_available;over_under_not_available,핵심 수치 RandomForest 보수 모델,Post-game audit only. Results are not used as pre-game features.
2026-05-21,2026-05-21,20260521NCOB0,NC,두산,두산,0.576,두산 약우세,약우세,C등급,승패 약우세,핸디캡 관망,오버/언더 관망,1,1.0,True,True,두산,0,1,correct,55~58%,win_pick_evaluated;handicap_not_available;over_under_not_available,핵심 수치 RandomForest 보수 모델,Post-game audit only. Results are not used as pre-game features.
2026-05-21,2026-05-21,20260521KTSS0,KT,삼성,삼성,0.543,삼성 약우세,약우세,C등급,승패 약우세,핸디캡 관망,오버/언더 관망,3,0.8,False,True,삼성,5,8,correct,52~55%,win_pick_evaluated;handicap_not_available;over_under_not_available,핵심 수치 RandomForest 보수 모델,Post-game audit only. Results are not used as pre-game features.
2026-05-21,2026-05-21,20260521LTHH0,롯데,한화,한화,0.519,한화 박빙 우세,관망,D등급,승패 관망,핸디캡 관망,오버/언더 관망,7,0.4,False,False,롯데,8,2,incorrect,52% 미만,win_pick_evaluated;handicap_not_available;over_under_not_available,핵심 수치 RandomForest 보수 모델,Post-game audit only. Results are not used as pre-game features.
2026-05-21,2026-05-21,20260521SKWO0,SSG,키움,키움,0.501,키움 박빙 우세,관망,D등급,승패 관망,핸디캡 관망,오버/언더 관망,9,0.2,False,False,키움,0,6,correct,52% 미만,win_pick_evaluated;handicap_not_available;over_under_not_available,핵심 수치 RandomForest 보수 모델,Post-game audit only. Results are not used as pre-game features.
2026-05-22,2026-05-22,20260522WOLG0,키움,LG,LG,0.556,LG 약우세,약우세,C등급,승패 약우세,핸디캡 관망,오버/언더 관망,3,0.8,False,True,키움,7,0,incorrect,55~58%,win_pick_evaluated;handicap_not_available;over_under_not_available,핵심 수치 RandomForest 보수 모델,Post-game audit only. Results are not used as pre-game features.
2026-05-22,2026-05-22,20260522OBHH0,두산,한화,두산,0.553,두산 약우세,약우세,C등급,승패 약우세,핸디캡 관망,오버/언더 관망,5,0.6,False,False,한화,3,5,incorrect,55~58%,win_pick_evaluated;handicap_not_available;over_under_not_available,핵심 수치 RandomForest 보수 모델,Post-game audit only. Results are not used as pre-game features.
2026-05-22,2026-05-22,20260522NCKT0,NC,KT,KT,0.569,KT 약우세,약우세,C등급,승패 약우세,핸디캡 관망,오버/언더 관망,1,1.0,True,True,KT,4,7,correct,55~58%,win_pick_evaluated;handicap_not_available;over_under_not_available,핵심 수치 RandomForest 보수 모델,Post-game audit only. Results are not used as pre-game features.
2026-05-22,2026-05-22,20260522SKHT0,SSG,KIA,KIA,0.544,KIA 약우세,약우세,C등급,승패 약우세,핸디캡 관망,오버/언더 관망,7,0.4,False,False,KIA,2,5,correct,52~55%,win_pick_evaluated;handicap_not_available;over_under_not_available,핵심 수치 RandomForest 보수 모델,Post-game audit only. Results are not used as pre-game features.
2026-05-22,2026-05-22,20260522SSLT0,삼성,롯데,삼성,0.515,삼성 박빙 우세,관망,D등급,승패 관망,핸디캡 관망,오버/언더 관망,9,0.2,False,False,삼성,7,5,correct,52% 미만,win_pick_evaluated;handicap_not_available;over_under_not_available,핵심 수치 RandomForest 보수 모델,Post-game audit only. Results are not used as pre-game features.
2026-05-23,2026-05-23,20260523WOLG0,키움,LG,LG,0.555,LG 약우세,약우세,C등급,승패 약우세,핸디캡 관망,오버/언더 관망,3,0.8,False,True,LG,2,5,correct,55~58%,win_pick_evaluated;handicap_not_available;over_under_not_available,핵심 수치 RandomForest 보수 모델,Post-game audit only. Results are not used as pre-game features.
2026-05-23,2026-05-23,20260523OBHH0,두산,한화,두산,0.543,두산 약우세,약우세,C등급,승패 약우세,핸디캡 관망,오버/언더 관망,7,0.4,False,False,한화,2,5,incorrect,52~55%,win_pick_evaluated;handicap_not_available;over_under_not_available,핵심 수치 RandomForest 보수 모델,Post-game audit only. Results are not used as pre-game features.
2026-05-23,2026-05-23,20260523NCKT0,NC,KT,KT,0.569,KT 약우세,약우세,C등급,승패 약우세,핸디캡 관망,오버/언더 관망,1,1.0,True,True,KT,5,10,correct,55~58%,win_pick_evaluated;handicap_not_available;over_under_not_available,핵심 수치 RandomForest 보수 모델,Post-game audit only. Results are not used as pre-game features.
2026-05-23,2026-05-23,20260523SKHT0,SSG,KIA,KIA,0.545,KIA 약우세,약우세,C등급,승패 약우세,핸디캡 관망,오버/언더 관망,5,0.6,False,False,KIA,4,5,correct,52~55%,win_pick_evaluated;handicap_not_available;over_under_not_available,핵심 수치 RandomForest 보수 모델,Post-game audit only. Results are not used as pre-game features.
2026-05-23,2026-05-23,20260523SSLT0,삼성,롯데,삼성,0.515,삼성 박빙 우세,관망,D등급,승패 관망,핸디캡 관망,오버/언더 관망,9,0.2,False,False,롯데,5,7,incorrect,52% 미만,win_pick_evaluated;handicap_not_available;over_under_not_available,핵심 수치 RandomForest 보수 모델,Post-game audit only. Results are not used as pre-game features.
2026-05-24,2026-05-24,20260524OBHH0,두산,한화,두산,0.517,두산 박빙 우세,관망,D등급,승패 관망,핸디캡 관망,오버/언더 관망,7,0.4,False,False,한화,2,5,incorrect,52% 미만,win_pick_evaluated;handicap_not_available;over_under_not_available,핵심 수치 RandomForest 보수 모델,Post-game audit only. Results are not used as pre-game features.
2026-05-24,2026-05-24,20260524SKHT0,SSG,KIA,KIA,0.572,KIA 약우세,약우세,C등급,승패 약우세,핸디캡 관망,오버/언더 관망,1,1.0,True,True,KIA,2,3,correct,55~58%,win_pick_evaluated;handicap_not_available;over_under_not_available,핵심 수치 RandomForest 보수 모델,Post-game audit only. Results are not used as pre-game features.
2026-05-24,2026-05-24,20260524NCKT0,NC,KT,KT,0.569,KT 약우세,약우세,C등급,승패 약우세,핸디캡 관망,오버/언더 관망,3,0.8,False,True,NC,8,5,incorrect,55~58%,win_pick_evaluated;handicap_not_available;over_under_not_available,핵심 수치 RandomForest 보수 모델,Post-game audit only. Results are not used as pre-game features.
2026-05-24,2026-05-24,20260524WOLG0,키움,LG,LG,0.556,LG 약우세,약우세,C등급,승패 약우세,핸디캡 관망,오버/언더 관망,5,0.6,False,False,LG,4,6,correct,55~58%,win_pick_evaluated;handicap_not_available;over_under_not_available,핵심 수치 RandomForest 보수 모델,Post-game audit only. Results are not used as pre-game features.
2026-05-24,2026-05-24,20260524SSLT0,삼성,롯데,삼성,0.515,삼성 박빙 우세,관망,D등급,승패 관망,핸디캡 관망,오버/언더 관망,9,0.2,False,False,삼성,10,0,correct,52% 미만,win_pick_evaluated;handicap_not_available;over_under_not_available,핵심 수치 RandomForest 보수 모델,Post-game audit only. Results are not used as pre-game features.
2026-05-26,2026-05-26,20260526HTWO0,KIA,키움,키움,0.501,키움 박빙 우세,관망,D등급,승패 관망,핸디캡 관망,오버/언더 관망,9,0.2,False,False,KIA,5,2,incorrect,52% 미만,win_pick_evaluated;handicap_not_available;over_under_not_available,핵심 수치 RandomForest 보수 모델,Post-game audit only. Results are not used as pre-game features.
2026-05-26,2026-05-26,20260526LGLT0,LG,롯데,LG,0.531,LG 약우세,약우세,C등급,승패 약우세,핸디캡 관망,오버/언더 관망,1,1.0,True,True,LG,2,1,correct,52~55%,win_pick_evaluated;handicap_not_available;over_under_not_available,핵심 수치 RandomForest 보수 모델,Post-game audit only. Results are not used as pre-game features.
2026-05-26,2026-05-26,20260526KTOB0,KT,두산,두산,0.506,두산 박빙 우세,관망,D등급,승패 관망,핸디캡 관망,오버/언더 관망,7,0.4,False,False,KT,6,0,incorrect,52% 미만,win_pick_evaluated;handicap_not_available;over_under_not_available,핵심 수치 RandomForest 보수 모델,Post-game audit only. Results are not used as pre-game features.
2026-05-27,2026-05-27,20260527HTWO0,KIA,키움,KIA,0.508,KIA 박빙 우세,관망,D등급,승패 관망,핸디캡 관망,오버/언더 관망,9,0.2,False,False,KIA,9,2,correct,52% 미만,win_pick_evaluated;handicap_not_available;over_under_not_available,핵심 수치 RandomForest 보수 모델,Post-game audit only. Results are not used as pre-game features.
2026-05-27,2026-05-27,20260527SSSK0,삼성,SSG,삼성,0.53,삼성 약우세,약우세,C등급,승패 약우세,핸디캡 관망,오버/언더 관망,1,1.0,True,True,삼성,4,1,correct,52~55%,win_pick_evaluated;handicap_not_available;over_under_not_available,핵심 수치 RandomForest 보수 모델,Post-game audit only. Results are not used as pre-game features.
2026-05-27,2026-05-27,20260527LGLT0,LG,롯데,LG,0.528,LG 박빙 우세,약우세,C등급,승패 약우세,핸디캡 관망,오버/언더 관망,3,0.8,False,True,LG,8,6,correct,52~55%,win_pick_evaluated;handicap_not_available;over_under_not_available,핵심 수치 RandomForest 보수 모델,Post-game audit only. Results are not used as pre-game features.
2026-05-27,2026-05-27,20260527HHNC0,한화,NC,한화,0.526,한화 박빙 우세,약우세,C등급,승패 약우세,핸디캡 관망,오버/언더 관망,5,0.6,False,False,NC,4,6,incorrect,52~55%,win_pick_evaluated;handicap_not_available;over_under_not_available,핵심 수치 RandomForest 보수 모델,Post-game audit only. Results are not used as pre-game features.
2026-05-27,2026-05-27,20260527KTOB0,KT,두산,KT,0.514,KT 박빙 우세,관망,D등급,승패 관망,핸디캡 관망,오버/언더 관망,7,0.4,False,False,두산,0,5,incorrect,52% 미만,win_pick_evaluated;handicap_not_available;over_under_not_available,핵심 수치 RandomForest 보수 모델,Post-game audit only. Results are not used as pre-game features.
2026-05-28,2026-05-28,20260528HTWO0,KIA,키움,KIA,0.529,KIA 박빙 우세,약우세,C등급,승패 약우세,핸디캡 관망,오버/언더 관망,3,0.8,False,True,KIA,5,0,correct,52~55%,win_pick_evaluated;handicap_not_available;over_under_not_available,핵심 수치 RandomForest 보수 모델,Post-game audit only. Results are not used as pre-game features.
2026-05-28,2026-05-28,20260528SSSK0,삼성,SSG,삼성,0.53,삼성 약우세,약우세,C등급,승패 약우세,핸디캡 관망,오버/언더 관망,1,1.0,True,True,삼성,10,1,correct,52~55%,win_pick_evaluated;handicap_not_available;over_under_not_available,핵심 수치 RandomForest 보수 모델,Post-game audit only. Results are not used as pre-game features.
2026-05-28,2026-05-28,20260528LGLT0,LG,롯데,LG,0.529,LG 박빙 우세,약우세,C등급,승패 약우세,핸디캡 관망,오버/언더 관망,4,0.8,False,False,롯데,5,8,incorrect,52~55%,win_pick_evaluated;handicap_not_available;over_under_not_available,핵심 수치 RandomForest 보수 모델,Post-game audit only. Results are not used as pre-game features.
2026-05-28,2026-05-28,20260528KTOB0,KT,두산,KT,0.506,KT 박빙 우세,관망,D등급,승패 관망,핸디캡 관망,오버/언더 관망,7,0.4,False,False,KT,11,3,correct,52% 미만,win_pick_evaluated;handicap_not_available;over_under_not_available,핵심 수치 RandomForest 보수 모델,Post-game audit only. Results are not used as pre-game features.
2026-05-28,2026-05-28,20260528HHNC0,한화,NC,한화,0.505,한화 박빙 우세,관망,D등급,승패 관망,핸디캡 관망,오버/언더 관망,9,0.2,False,False,한화,18,7,correct,52% 미만,win_pick_evaluated;handicap_not_available;over_under_not_available,핵심 수치 RandomForest 보수 모델,Post-game audit only. Results are not used as pre-game features.
2026-05-29,2026-05-29,20260529OBSS0,두산,삼성,삼성,0.553,삼성 약우세,약우세,C등급,승패 약우세,핸디캡 관망,오버/언더 관망,1,1.0,True,True,두산,9,7,incorrect,55~58%,win_pick_evaluated;handicap_not_available;over_under_not_available,핵심 수치 RandomForest 보수 모델,Post-game audit only. Results are not used as pre-game features.
2026-05-29,2026-05-29,20260529SKHH0,SSG,한화,한화,0.549,한화 약우세,약우세,C등급,승패 약우세,핸디캡 관망,오버/언더 관망,3,0.8,False,True,한화,3,4,correct,52~55%,win_pick_evaluated;handicap_not_available;over_under_not_available,핵심 수치 RandomForest 보수 모델,Post-game audit only. Results are not used as pre-game features.
2026-05-29,2026-05-29,20260529LTNC0,롯데,NC,롯데,0.522,롯데 박빙 우세,약우세,C등급,승패 약우세,핸디캡 관망,오버/언더 관망,7,0.4,False,False,롯데,6,2,correct,52~55%,win_pick_evaluated;handicap_not_available;over_under_not_available,핵심 수치 RandomForest 보수 모델,Post-game audit only. Results are not used as pre-game features.
2026-05-29,2026-05-29,20260529KTWO0,KT,키움,KT,0.537,KT 약우세,약우세,C등급,승패 약우세,핸디캡 관망,오버/언더 관망,5,0.6,False,False,KT,7,1,correct,52~55%,win_pick_evaluated;handicap_not_available;over_under_not_available,핵심 수치 RandomForest 보수 모델,Post-game audit only. Results are not used as pre-game features.
2026-05-29,2026-05-29,20260529HTLG0,KIA,LG,LG,0.501,LG 박빙 우세,관망,D등급,승패 관망,핸디캡 관망,오버/언더 관망,9,0.2,False,False,LG,2,12,correct,52% 미만,win_pick_evaluated;handicap_not_available;over_under_not_available,핵심 수치 RandomForest 보수 모델,Post-game audit only. Results are not used as pre-game features.
2026-05-30,2026-05-30,20260530OBSS0,두산,삼성,삼성,0.552,삼성 약우세,약우세,C등급,승패 약우세,핸디캡 관망,오버/언더 관망,1,1.0,True,True,두산,8,7,incorrect,55~58%,win_pick_evaluated;handicap_not_available;over_under_not_available,핵심 수치 RandomForest 보수 모델,Post-game audit only. Results are not used as pre-game features.
2026-05-30,2026-05-30,20260530LTNC0,롯데,NC,롯데,0.505,롯데 박빙 우세,관망,D등급,승패 관망,핸디캡 관망,오버/언더 관망,9,0.2,False,False,NC,2,6,incorrect,52% 미만,win_pick_evaluated;handicap_not_available;over_under_not_available,핵심 수치 RandomForest 보수 모델,Post-game audit only. Results are not used as pre-game features.
2026-05-30,2026-05-30,20260530SKHH0,SSG,한화,한화,0.547,한화 약우세,약우세,C등급,승패 약우세,핸디캡 관망,오버/언더 관망,3,0.8,False,True,한화,10,13,correct,52~55%,win_pick_evaluated;handicap_not_available;over_under_not_available,핵심 수치 RandomForest 보수 모델,Post-game audit only. Results are not used as pre-game features.
2026-05-30,2026-05-30,20260530HTLG0,KIA,LG,LG,0.536,LG 약우세,약우세,C등급,승패 약우세,핸디캡 관망,오버/언더 관망,5,0.6,False,False,LG,1,3,correct,52~55%,win_pick_evaluated;handicap_not_available;over_under_not_available,핵심 수치 RandomForest 보수 모델,Post-game audit only. Results are not used as pre-game features.
2026-05-30,2026-05-30,20260530KTWO0,KT,키움,KT,0.531,KT 약우세,약우세,C등급,승패 약우세,핸디캡 관망,오버/언더 관망,7,0.4,False,False,KT,8,7,correct,52~55%,win_pick_evaluated;handicap_not_available;over_under_not_available,핵심 수치 RandomForest 보수 모델,Post-game audit only. Results are not used as pre-game features.
2026-05-31,2026-05-31,20260531OBSS0,두산,삼성,삼성,0.537,삼성 약우세,약우세,C등급,승패 약우세,핸디캡 관망,오버/언더 관망,4,0.7,False,False,삼성,4,9,correct,52~55%,win_pick_evaluated;handicap_not_available;over_under_not_available,핵심 수치 RandomForest 보수 모델,Post-game audit only. Results are not used as pre-game features.
2026-05-31,2026-05-31,20260531SKHH0,SSG,한화,한화,0.548,한화 약우세,약우세,C등급,승패 약우세,핸디캡 관망,오버/언더 관망,1,1.0,True,True,한화,2,6,correct,52~55%,win_pick_evaluated;handicap_not_available;over_under_not_available,핵심 수치 RandomForest 보수 모델,Post-game audit only. Results are not used as pre-game features.
2026-05-31,2026-05-31,20260531HTLG0,KIA,LG,LG,0.538,LG 약우세,약우세,C등급,승패 약우세,핸디캡 관망,오버/언더 관망,3,0.8,False,True,LG,3,5,correct,52~55%,win_pick_evaluated;handicap_not_available;over_under_not_available,핵심 수치 RandomForest 보수 모델,Post-game audit only. Results are not used as pre-game features.
2026-05-31,2026-05-31,20260531KTWO0,KT,키움,KT,0.532,KT 약우세,약우세,C등급,승패 약우세,핸디캡 관망,오버/언더 관망,6,0.5,False,False,KT,5,1,correct,52~55%,win_pick_evaluated;handicap_not_available;over_under_not_available,핵심 수치 RandomForest 보수 모델,Post-game audit only. Results are not used as pre-game features.
2026-05-31,2026-05-31,20260531LTNC0,롯데,NC,롯데,0.504,롯데 박빙 우세,관망,D등급,승패 관망,핸디캡 관망,오버/언더 관망,9,0.2,False,False,NC,2,8,incorrect,52% 미만,win_pick_evaluated;handicap_not_available;over_under_not_available,핵심 수치 RandomForest 보수 모델,Post-game audit only. Results are not used as pre-game features.
2026-06-02,2026-06-02,20260602HHOB0,한화,두산,두산,0.5,두산 박빙 우세,관망,D등급,승패 관망,핸디캡 관망,오버/언더 관망,7,0.4,False,False,두산,3,5,correct,52% 미만,win_pick_evaluated;handicap_not_available;over_under_not_available,핵심 수치 RandomForest 보수 모델,Post-game audit only. Results are not used as pre-game features.
2026-06-02,2026-06-02,20260602LTHT0,롯데,KIA,KIA,0.548,KIA 약우세,약우세,C등급,승패 약우세,핸디캡 관망,오버/언더 관망,1,1.0,True,True,KIA,4,5,correct,52~55%,win_pick_evaluated;handicap_not_available;over_under_not_available,핵심 수치 RandomForest 보수 모델,Post-game audit only. Results are not used as pre-game features.
2026-06-02,2026-06-02,20260602NCSS0,NC,삼성,삼성,0.547,삼성 약우세,약우세,C등급,승패 약우세,핸디캡 관망,오버/언더 관망,3,0.8,False,True,삼성,7,8,correct,52~55%,win_pick_evaluated;handicap_not_available;over_under_not_available,핵심 수치 RandomForest 보수 모델,Post-game audit only. Results are not used as pre-game features.
2026-06-02,2026-06-02,20260602WOSK0,키움,SSG,키움,0.518,키움 박빙 우세,관망,D등급,승패 관망,핸디캡 관망,오버/언더 관망,5,0.6,False,False,키움,12,6,correct,52% 미만,win_pick_evaluated;handicap_not_available;over_under_not_available,핵심 수치 RandomForest 보수 모델,Post-game audit only. Results are not used as pre-game features.
2026-06-02,2026-06-02,20260602LGKT0,LG,KT,LG,0.5,LG 박빙 우세,관망,D등급,승패 관망,핸디캡 관망,오버/언더 관망,8,0.4,False,False,LG,10,1,correct,52% 미만,win_pick_evaluated;handicap_not_available;over_under_not_available,핵심 수치 RandomForest 보수 모델,Post-game audit only. Results are not used as pre-game features.
2026-06-03,2026-06-03,20260603NCSS0,NC,삼성,삼성,0.557,삼성 약우세,약우세,C등급,승패 약우세,핸디캡 관망,오버/언더 관망,1,1.0,True,True,NC,6,4,incorrect,55~58%,win_pick_evaluated;handicap_not_available;over_under_not_available,핵심 수치 RandomForest 보수 모델,Post-game audit only. Results are not used as pre-game features.
2026-06-03,2026-06-03,20260603LTHT0,롯데,KIA,KIA,0.555,KIA 약우세,약우세,C등급,승패 약우세,핸디캡 관망,오버/언더 관망,3,0.8,False,True,롯데,8,3,incorrect,55~58%,win_pick_evaluated;handicap_not_available;over_under_not_available,핵심 수치 RandomForest 보수 모델,Post-game audit only. Results are not used as pre-game features.
2026-06-03,2026-06-03,20260603WOSK0,키움,SSG,키움,0.524,키움 박빙 우세,약우세,C등급,승패 약우세,핸디캡 관망,오버/언더 관망,5,0.6,False,False,SSG,4,5,incorrect,52~55%,win_pick_evaluated;handicap_not_available;over_under_not_available,핵심 수치 RandomForest 보수 모델,Post-game audit only. Results are not used as pre-game features.
2026-06-03,2026-06-03,20260603LGKT0,LG,KT,KT,0.503,KT 박빙 우세,관망,D등급,승패 관망,핸디캡 관망,오버/언더 관망,9,0.2,False,False,KT,6,7,correct,52% 미만,win_pick_evaluated;handicap_not_available;over_under_not_available,핵심 수치 RandomForest 보수 모델,Post-game audit only. Results are not used as pre-game features.
2026-06-04,2026-06-04,20260604HHOB0,한화,두산,두산,0.504,두산 박빙 우세,관망,D등급,승패 관망,핸디캡 관망,오버/언더 관망,9,0.2,False,False,두산,1,3,correct,52% 미만,win_pick_evaluated;handicap_not_available;over_under_not_available,핵심 수치 RandomForest 보수 모델,Post-game audit only. Results are not used as pre-game features.
2026-06-04,2026-06-04,20260604NCSS0,NC,삼성,삼성,0.548,삼성 약우세,약우세,C등급,승패 약우세,핸디캡 관망,오버/언더 관망,1,1.0,True,True,NC,6,3,incorrect,52~55%,win_pick_evaluated;handicap_not_available;over_under_not_available,핵심 수치 RandomForest 보수 모델,Post-game audit only. Results are not used as pre-game features.
2026-06-04,2026-06-04,20260604LTHT0,롯데,KIA,KIA,0.542,KIA 약우세,약우세,C등급,승패 약우세,핸디캡 관망,오버/언더 관망,3,0.8,False,True,KIA,0,10,correct,52~55%,win_pick_evaluated;handicap_not_available;over_under_not_available,핵심 수치 RandomForest 보수 모델,Post-game audit only. Results are not used as pre-game features.
2026-06-04,2026-06-04,20260604LGKT0,LG,KT,KT,0.511,KT 박빙 우세,관망,D등급,승패 관망,핸디캡 관망,오버/언더 관망,5,0.6,False,False,LG,7,5,incorrect,52% 미만,win_pick_evaluated;handicap_not_available;over_under_not_available,핵심 수치 RandomForest 보수 모델,Post-game audit only. Results are not used as pre-game features.
2026-06-04,2026-06-04,20260604WOSK0,키움,SSG,키움,0.505,키움 박빙 우세,관망,D등급,승패 관망,핸디캡 관망,오버/언더 관망,7,0.4,False,False,SSG,6,7,incorrect,52% 미만,win_pick_evaluated;handicap_not_available;over_under_not_available,핵심 수치 RandomForest 보수 모델,Post-game audit only. Results are not used as pre-game features.
2026-06-05,2026-06-05,20260605SSHT0,삼성,KIA,KIA,0.507,KIA 박빙 우세,관망,D등급,승패 관망,핸디캡 관망,오버/언더 관망,7,0.4,False,False,KIA,2,5,correct,52% 미만,win_pick_evaluated;handicap_not_available;over_under_not_available,핵심 수치 RandomForest 보수 모델,Post-game audit only. Results are not used as pre-game features.
2026-06-05,2026-06-05,20260605WOOB0,키움,두산,두산,0.55,두산 약우세,약우세,C등급,승패 약우세,핸디캡 관망,오버/언더 관망,1,1.0,True,True,두산,3,4,correct,55~58%,win_pick_evaluated;handicap_not_available;over_under_not_available,핵심 수치 RandomForest 보수 모델,Post-game audit only. Results are not used as pre-game features.
2026-06-05,2026-06-05,20260605KTSK0,KT,SSG,KT,0.536,KT 약우세,약우세,C등급,승패 약우세,핸디캡 관망,오버/언더 관망,3,0.8,False,True,SSG,5,6,incorrect,52~55%,win_pick_evaluated;handicap_not_available;over_under_not_available,핵심 수치 RandomForest 보수 모델,Post-game audit only. Results are not used as pre-game features.
2026-06-05,2026-06-05,20260605HHLT0,한화,롯데,한화,0.52,한화 박빙 우세,약우세,C등급,승패 약우세,핸디캡 관망,오버/언더 관망,5,0.6,False,False,한화,9,2,correct,52~55%,win_pick_evaluated;handicap_not_available;over_under_not_available,핵심 수치 RandomForest 보수 모델,Post-game audit only. Results are not used as pre-game features.
2026-06-05,2026-06-05,20260605LGNC0,LG,NC,LG,0.507,LG 박빙 우세,관망,D등급,승패 관망,핸디캡 관망,오버/언더 관망,8,0.4,False,False,LG,5,4,correct,52% 미만,win_pick_evaluated;handicap_not_available;over_under_not_available,핵심 수치 RandomForest 보수 모델,Post-game audit only. Results are not used as pre-game features.
2026-06-06,2026-06-06,20260606KTSK0,KT,SSG,KT,0.528,KT 박빙 우세,약우세,C등급,승패 약우세,핸디캡 관망,오버/언더 관망,7,0.4,False,False,KT,7,3,correct,52~55%,win_pick_evaluated;handicap_not_available;over_under_not_available,핵심 수치 RandomForest 보수 모델,Post-game audit only. Results are not used as pre-game features.
2026-06-06,2026-06-06,20260606SSHT0,삼성,KIA,KIA,0.531,KIA 약우세,약우세,C등급,승패 약우세,핸디캡 관망,오버/언더 관망,5,0.6,False,False,삼성,3,2,incorrect,52~55%,win_pick_evaluated;handicap_not_available;over_under_not_available,핵심 수치 RandomForest 보수 모델,Post-game audit only. Results are not used as pre-game features.
2026-06-06,2026-06-06,20260606WOOB0,키움,두산,두산,0.546,두산 약우세,약우세,C등급,승패 약우세,핸디캡 관망,오버/언더 관망,1,1.0,True,True,두산,1,9,correct,52~55%,win_pick_evaluated;handicap_not_available;over_under_not_available,핵심 수치 RandomForest 보수 모델,Post-game audit only. Results are not used as pre-game features.
2026-06-06,2026-06-06,20260606HHLT0,한화,롯데,한화,0.54,한화 약우세,약우세,C등급,승패 약우세,핸디캡 관망,오버/언더 관망,3,0.8,False,True,한화,7,2,correct,52~55%,win_pick_evaluated;handicap_not_available;over_under_not_available,핵심 수치 RandomForest 보수 모델,Post-game audit only. Results are not used as pre-game features.
2026-06-06,2026-06-06,20260606LGNC0,LG,NC,LG,0.508,LG 박빙 우세,관망,D등급,승패 관망,핸디캡 관망,오버/언더 관망,10,0.1,False,False,NC,5,8,incorrect,52% 미만,win_pick_evaluated;handicap_not_available;over_under_not_available,핵심 수치 RandomForest 보수 모델,Post-game audit only. Results are not used as pre-game features.
2026-06-07,2026-06-07,20260607WOOB0,키움,두산,두산,0.541,두산 약우세,약우세,C등급,승패 약우세,핸디캡 관망,오버/언더 관망,3,0.8,False,True,키움,4,1,incorrect,52~55%,win_pick_evaluated;handicap_not_available;over_under_not_available,핵심 수치 RandomForest 보수 모델,Post-game audit only. Results are not used as pre-game features.
2026-06-07,2026-06-07,20260607SSHT0,삼성,KIA,KIA,0.505,KIA 박빙 우세,관망,D등급,승패 관망,핸디캡 관망,오버/언더 관망,9,0.2,False,False,KIA,6,7,correct,52% 미만,win_pick_evaluated;handicap_not_available;over_under_not_available,핵심 수치 RandomForest 보수 모델,Post-game audit only. Results are not used as pre-game features.
2026-06-07,2026-06-07,20260607HHLT0,한화,롯데,한화,0.542,한화 약우세,약우세,C등급,승패 약우세,핸디캡 관망,오버/언더 관망,1,1.0,True,True,한화,9,8,correct,52~55%,win_pick_evaluated;handicap_not_available;over_under_not_available,핵심 수치 RandomForest 보수 모델,Post-game audit only. Results are not used as pre-game features.
2026-06-07,2026-06-07,20260607KTSK0,KT,SSG,KT,0.534,KT 약우세,약우세,C등급,승패 약우세,핸디캡 관망,오버/언더 관망,5,0.6,False,False,SSG,0,7,incorrect,52~55%,win_pick_evaluated;handicap_not_available;over_under_not_available,핵심 수치 RandomForest 보수 모델,Post-game audit only. Results are not used as pre-game features.
2026-06-07,2026-06-07,20260607LGNC0,LG,NC,LG,0.523,LG 박빙 우세,약우세,C등급,승패 약우세,핸디캡 관망,오버/언더 관망,7,0.4,False,False,NC,6,7,incorrect,52~55%,win_pick_evaluated;handicap_not_available;over_under_not_available,핵심 수치 RandomForest 보수 모델,Post-game audit only. Results are not used as pre-game features.
2026-06-09,2026-06-09,20260609NCWO0,NC,키움,NC,0.554,NC 약우세,약우세,C등급,승패 약우세,핸디캡 관망,오버/언더 관망,1,1.0,True,True,키움,6,7,incorrect,55~58%,win_pick_evaluated;handicap_not_available;over_under_not_available,핵심 수치 RandomForest 보수 모델,Post-game audit only. Results are not used as pre-game features.
2026-06-09,2026-06-09,20260609SKLG0,SSG,LG,LG,0.547,LG 약우세,약우세,C등급,승패 약우세,핸디캡 관망,오버/언더 관망,3,0.8,False,True,LG,2,8,correct,52~55%,win_pick_evaluated;handicap_not_available;over_under_not_available,핵심 수치 RandomForest 보수 모델,Post-game audit only. Results are not used as pre-game features.
2026-06-09,2026-06-09,20260609OBLT0,두산,롯데,두산,0.543,두산 약우세,약우세,C등급,승패 약우세,핸디캡 관망,오버/언더 관망,5,0.6,False,False,두산,6,5,correct,52~55%,win_pick_evaluated;handicap_not_available;over_under_not_available,핵심 수치 RandomForest 보수 모델,Post-game audit only. Results are not used as pre-game features.
2026-06-09,2026-06-09,20260609SSKT0,삼성,KT,삼성,0.512,삼성 박빙 우세,관망,D등급,승패 관망,핸디캡 관망,오버/언더 관망,7,0.4,False,False,KT,2,5,incorrect,52% 미만,win_pick_evaluated;handicap_not_available;over_under_not_available,핵심 수치 RandomForest 보수 모델,Post-game audit only. Results are not used as pre-game features.
2026-06-09,2026-06-09,20260609HTHH0,KIA,한화,KIA,0.505,KIA 박빙 우세,관망,D등급,승패 관망,핸디캡 관망,오버/언더 관망,9,0.2,False,False,KIA,6,4,correct,52% 미만,win_pick_evaluated;handicap_not_available;over_under_not_available,핵심 수치 RandomForest 보수 모델,Post-game audit only. Results are not used as pre-game features.
2026-06-10,2026-06-10,20260610NCWO0,NC,키움,NC,0.544,NC 약우세,약우세,C등급,승패 약우세,핸디캡 관망,오버/언더 관망,1,1.0,True,True,NC,4,2,correct,52~55%,win_pick_evaluated;handicap_not_available;over_under_not_available,핵심 수치 RandomForest 보수 모델,Post-game audit only. Results are not used as pre-game features.
2026-06-10,2026-06-10,20260610SSKT0,삼성,KT,KT,0.512,KT 박빙 우세,관망,D등급,승패 관망,핸디캡 관망,오버/언더 관망,9,0.2,False,False,KT,3,4,correct,52% 미만,win_pick_evaluated;handicap_not_available;over_under_not_available,핵심 수치 RandomForest 보수 모델,Post-game audit only. Results are not used as pre-game features.
2026-06-10,2026-06-10,20260610SKLG0,SSG,LG,LG,0.542,LG 약우세,약우세,C등급,승패 약우세,핸디캡 관망,오버/언더 관망,3,0.8,False,True,LG,6,8,correct,52~55%,win_pick_evaluated;handicap_not_available;over_under_not_available,핵심 수치 RandomForest 보수 모델,Post-game audit only. Results are not used as pre-game features.
2026-06-10,2026-06-10,20260610OBLT0,두산,롯데,두산,0.538,두산 약우세,약우세,C등급,승패 약우세,핸디캡 관망,오버/언더 관망,5,0.6,False,False,롯데,1,3,incorrect,52~55%,win_pick_evaluated;handicap_not_available;over_under_not_available,핵심 수치 RandomForest 보수 모델,Post-game audit only. Results are not used as pre-game features.
2026-06-10,2026-06-10,20260610HTHH0,KIA,한화,KIA,0.523,KIA 박빙 우세,약우세,C등급,승패 약우세,핸디캡 관망,오버/언더 관망,7,0.4,False,False,한화,3,4,incorrect,52~55%,win_pick_evaluated;handicap_not_available;over_under_not_available,핵심 수치 RandomForest 보수 모델,Post-game audit only. Results are not used as pre-game features.
2026-06-11,2026-06-11,20260611NCWO0,NC,키움,NC,0.539,NC 약우세,약우세,C등급,승패 약우세,핸디캡 관망,오버/언더 관망,1,1.0,True,True,NC,3,2,correct,52~55%,win_pick_evaluated;handicap_not_available;over_under_not_available,핵심 수치 RandomForest 보수 모델,Post-game audit only. Results are not used as pre-game features.
2026-06-11,2026-06-11,20260611SKLG0,SSG,LG,LG,0.538,LG 약우세,약우세,C등급,승패 약우세,핸디캡 관망,오버/언더 관망,3,0.8,False,True,LG,1,15,correct,52~55%,win_pick_evaluated;handicap_not_available;over_under_not_available,핵심 수치 RandomForest 보수 모델,Post-game audit only. Results are not used as pre-game features.
2026-06-11,2026-06-11,20260611OBLT0,두산,롯데,두산,0.531,두산 약우세,약우세,C등급,승패 약우세,핸디캡 관망,오버/언더 관망,5,0.6,False,False,두산,12,7,correct,52~55%,win_pick_evaluated;handicap_not_available;over_under_not_available,핵심 수치 RandomForest 보수 모델,Post-game audit only. Results are not used as pre-game features.
2026-06-11,2026-06-11,20260611SSKT0,삼성,KT,KT,0.52,KT 박빙 우세,약우세,C등급,승패 약우세,핸디캡 관망,오버/언더 관망,7,0.4,False,False,삼성,8,1,incorrect,52~55%,win_pick_evaluated;handicap_not_available;over_under_not_available,핵심 수치 RandomForest 보수 모델,Post-game audit only. Results are not used as pre-game features.
2026-06-11,2026-06-11,20260611HTHH0,KIA,한화,KIA,0.502,KIA 박빙 우세,관망,D등급,승패 관망,핸디캡 관망,오버/언더 관망,9,0.2,False,False,한화,1,5,incorrect,52% 미만,win_pick_evaluated;handicap_not_available;over_under_not_available,핵심 수치 RandomForest 보수 모델,Post-game audit only. Results are not used as pre-game features.
2026-06-12,2026-06-12,20260612SKSS0,SSG,삼성,삼성,0.556,삼성 약우세,약우세,C등급,승패 약우세,핸디캡 관망,오버/언더 관망,1,1.0,True,True,SSG,5,3,incorrect,55~58%,win_pick_evaluated;handicap_not_available;over_under_not_available,핵심 수치 RandomForest 보수 모델,Post-game audit only. Results are not used as pre-game features.
2026-06-12,2026-06-12,20260612LTLG0,롯데,LG,LG,0.553,LG 약우세,약우세,C등급,승패 약우세,핸디캡 관망,오버/언더 관망,3,0.8,False,True,롯데,16,5,incorrect,55~58%,win_pick_evaluated;handicap_not_available;over_under_not_available,핵심 수치 RandomForest 보수 모델,Post-game audit only. Results are not used as pre-game features.
2026-06-12,2026-06-12,20260612HHWO0,한화,키움,한화,0.551,한화 약우세,약우세,C등급,승패 약우세,핸디캡 관망,오버/언더 관망,5,0.6,False,False,키움,3,4,incorrect,55~58%,win_pick_evaluated;handicap_not_available;over_under_not_available,핵심 수치 RandomForest 보수 모델,Post-game audit only. Results are not used as pre-game features.
2026-06-12,2026-06-12,20260612NCKT0,NC,KT,KT,0.525,KT 박빙 우세,약우세,C등급,승패 약우세,핸디캡 관망,오버/언더 관망,7,0.4,False,False,KT,2,3,correct,52~55%,win_pick_evaluated;handicap_not_available;over_under_not_available,핵심 수치 RandomForest 보수 모델,Post-game audit only. Results are not used as pre-game features.
2026-06-12,2026-06-12,20260612OBHT0,두산,KIA,KIA,0.52,KIA 박빙 우세,약우세,C등급,승패 약우세,핸디캡 관망,오버/언더 관망,9,0.2,False,False,두산,4,2,incorrect,52~55%,win_pick_evaluated;handicap_not_available;over_under_not_available,핵심 수치 RandomForest 보수 모델,Post-game audit only. Results are not used as pre-game features.
2026-06-13,2026-06-13,20260613LTLG0,롯데,LG,LG,0.573,LG 약우세,약우세,C등급,승패 약우세,핸디캡 관망,오버/언더 관망,1,1.0,True,True,LG,3,5,correct,55~58%,win_pick_evaluated;handicap_not_available;over_under_not_available,핵심 수치 RandomForest 보수 모델,Post-game audit only. Results are not used as pre-game features.
2026-06-13,2026-06-13,20260613SKSS0,SSG,삼성,삼성,0.571,삼성 약우세,약우세,C등급,승패 약우세,핸디캡 관망,오버/언더 관망,3,0.8,False,True,삼성,6,7,correct,55~58%,win_pick_evaluated;handicap_not_available;over_under_not_available,핵심 수치 RandomForest 보수 모델,Post-game audit only. Results are not used as pre-game features.
2026-06-13,2026-06-13,20260613HHWO0,한화,키움,한화,0.556,한화 약우세,약우세,C등급,승패 약우세,핸디캡 관망,오버/언더 관망,5,0.6,False,False,키움,1,3,incorrect,55~58%,win_pick_evaluated;handicap_not_available;over_under_not_available,핵심 수치 RandomForest 보수 모델,Post-game audit only. Results are not used as pre-game features.
2026-06-13,2026-06-13,20260613NCKT0,NC,KT,KT,0.529,KT 박빙 우세,약우세,C등급,승패 약우세,핸디캡 관망,오버/언더 관망,7,0.4,False,False,KT,9,11,correct,52~55%,win_pick_evaluated;handicap_not_available;over_under_not_available,핵심 수치 RandomForest 보수 모델,Post-game audit only. Results are not used as pre-game features.
2026-06-13,2026-06-13,20260613OBHT0,두산,KIA,두산,0.517,두산 박빙 우세,관망,D등급,승패 관망,핸디캡 관망,오버/언더 관망,9,0.2,False,False,KIA,1,2,incorrect,52% 미만,win_pick_evaluated;handicap_not_available;over_under_not_available,핵심 수치 RandomForest 보수 모델,Post-game audit only. Results are not used as pre-game features.
2026-06-14,2026-06-14,20260614HHWO0,한화,키움,한화,0.541,한화 약우세,약우세,C등급,승패 약우세,핸디캡 관망,오버/언더 관망,5,0.6,False,False,키움,2,3,incorrect,52~55%,win_pick_evaluated;handicap_not_available;over_under_not_available,핵심 수치 RandomForest 보수 모델,Post-game audit only. Results are not used as pre-game features.
2026-06-14,2026-06-14,20260614LTLG0,롯데,LG,LG,0.546,LG 약우세,약우세,C등급,승패 약우세,핸디캡 관망,오버/언더 관망,3,0.8,False,True,LG,1,6,correct,52~55%,win_pick_evaluated;handicap_not_available;over_under_not_available,핵심 수치 RandomForest 보수 모델,Post-game audit only. Results are not used as pre-game features.
2026-06-14,2026-06-14,20260614SKSS0,SSG,삼성,삼성,0.562,삼성 약우세,약우세,C등급,승패 약우세,핸디캡 관망,오버/언더 관망,1,1.0,True,True,삼성,8,10,correct,55~58%,win_pick_evaluated;handicap_not_available;over_under_not_available,핵심 수치 RandomForest 보수 모델,Post-game audit only. Results are not used as pre-game features.
2026-06-14,2026-06-14,20260614OBHT0,두산,KIA,KIA,0.512,KIA 박빙 우세,관망,D등급,승패 관망,핸디캡 관망,오버/언더 관망,9,0.2,False,False,두산,8,1,incorrect,52% 미만,win_pick_evaluated;handicap_not_available;over_under_not_available,핵심 수치 RandomForest 보수 모델,Post-game audit only. Results are not used as pre-game features.
2026-06-16,2026-06-16,20260616HHNC0,한화,NC,한화,0.513,한화 박빙 우세,관망,D등급,승패 관망,핸디캡 관망,오버/언더 관망,7,0.4,False,False,NC,5,6,incorrect,52% 미만,win_pick_evaluated;handicap_not_available;over_under_not_available,핵심 수치 RandomForest 보수 모델,Post-game audit only. Results are not used as pre-game features.
2026-06-16,2026-06-16,20260616WOSS0,키움,삼성,삼성,0.556,삼성 약우세,약우세,C등급,승패 약우세,핸디캡 관망,오버/언더 관망,1,1.0,True,True,삼성,1,4,correct,55~58%,win_pick_evaluated;handicap_not_available;over_under_not_available,핵심 수치 RandomForest 보수 모델,Post-game audit only. Results are not used as pre-game features.
2026-06-16,2026-06-16,20260616LGHT0,LG,KIA,LG,0.526,LG 박빙 우세,약우세,C등급,승패 약우세,핸디캡 관망,오버/언더 관망,3,0.8,False,True,LG,8,2,correct,52~55%,win_pick_evaluated;handicap_not_available;over_under_not_available,핵심 수치 RandomForest 보수 모델,Post-game audit only. Results are not used as pre-game features.
2026-06-16,2026-06-16,20260616KTOB0,KT,두산,두산,0.515,두산 박빙 우세,관망,D등급,승패 관망,핸디캡 관망,오버/언더 관망,5,0.6,False,False,KT,6,2,incorrect,52% 미만,win_pick_evaluated;handicap_not_available;over_under_not_available,핵심 수치 RandomForest 보수 모델,Post-game audit only. Results are not used as pre-game features.
2026-06-16,2026-06-16,20260616LTSK0,롯데,SSG,SSG,0.502,SSG 박빙 우세,관망,D등급,승패 관망,핸디캡 관망,오버/언더 관망,9,0.2,False,False,롯데,10,6,incorrect,52% 미만,win_pick_evaluated;handicap_not_available;over_under_not_available,핵심 수치 RandomForest 보수 모델,Post-game audit only. Results are not used as pre-game features.
2026-06-17,2026-06-17,20260617HHNC0,한화,NC,NC,0.508,NC 박빙 우세,관망,D등급,승패 관망,핸디캡 관망,오버/언더 관망,7,0.4,False,False,NC,4,5,correct,52% 미만,win_pick_evaluated;handicap_not_available;over_under_not_available,핵심 수치 RandomForest 보수 모델,Post-game audit only. Results are not used as pre-game features.
2026-06-17,2026-06-17,20260617WOSS0,키움,삼성,삼성,0.562,삼성 약우세,약우세,C등급,승패 약우세,핸디캡 관망,오버/언더 관망,1,1.0,True,True,삼성,0,1,correct,55~58%,win_pick_evaluated;handicap_not_available;over_under_not_available,핵심 수치 RandomForest 보수 모델,Post-game audit only. Results are not used as pre-game features.
2026-06-17,2026-06-17,20260617LGHT0,LG,KIA,LG,0.547,LG 약우세,약우세,C등급,승패 약우세,핸디캡 관망,오버/언더 관망,3,0.8,False,True,KIA,4,5,incorrect,52~55%,win_pick_evaluated;handicap_not_available;over_under_not_available,핵심 수치 RandomForest 보수 모델,Post-game audit only. Results are not used as pre-game features.
2026-06-17,2026-06-17,20260617LTSK0,롯데,SSG,롯데,0.517,롯데 박빙 우세,관망,D등급,승패 관망,핸디캡 관망,오버/언더 관망,5,0.6,False,False,롯데,2,1,correct,52% 미만,win_pick_evaluated;handicap_not_available;over_under_not_available,핵심 수치 RandomForest 보수 모델,Post-game audit only. Results are not used as pre-game features.
2026-06-17,2026-06-17,20260617KTOB0,KT,두산,KT,0.508,KT 박빙 우세,관망,D등급,승패 관망,핸디캡 관망,오버/언더 관망,8,0.4,False,False,KT,8,1,correct,52% 미만,win_pick_evaluated;handicap_not_available;over_under_not_available,핵심 수치 RandomForest 보수 모델,Post-game audit only. Results are not used as pre-game features.
2026-06-18,2026-06-18,20260618HHNC0,한화,NC,NC,0.52,NC 박빙 우세,약우세,C등급,승패 약우세,핸디캡 관망,오버/언더 관망,9,0.2,False,False,NC,0,6,correct,52~55%,win_pick_evaluated;handicap_not_available;over_under_not_available,핵심 수치 RandomForest 보수 모델,Post-game audit only. Results are not used as pre-game features.
2026-06-18,2026-06-18,20260618WOSS0,키움,삼성,삼성,0.56,삼성 약우세,약우세,C등급,승패 약우세,핸디캡 관망,오버/언더 관망,1,1.0,True,True,삼성,3,4,correct,55~58%,win_pick_evaluated;handicap_not_available;over_under_not_available,핵심 수치 RandomForest 보수 모델,Post-game audit only. Results are not used as pre-game features.
2026-06-18,2026-06-18,20260618LGHT0,LG,KIA,LG,0.532,LG 약우세,약우세,C등급,승패 약우세,핸디캡 관망,오버/언더 관망,3,0.8,False,True,KIA,2,4,incorrect,52~55%,win_pick_evaluated;handicap_not_available;over_under_not_available,핵심 수치 RandomForest 보수 모델,Post-game audit only. Results are not used as pre-game features.
2026-06-18,2026-06-18,20260618KTOB0,KT,두산,KT,0.526,KT 박빙 우세,약우세,C등급,승패 약우세,핸디캡 관망,오버/언더 관망,5,0.6,False,False,두산,1,2,incorrect,52~55%,win_pick_evaluated;handicap_not_available;over_under_not_available,핵심 수치 RandomForest 보수 모델,Post-game audit only. Results are not used as pre-game features.
2026-06-19,2026-06-19,20260619SKNC0,SSG,NC,NC,0.588,NC 우세,강추천,A등급,승패 강추천,핸디캡 관망,오버/언더 관망,1,1.0,True,True,NC,3,9,correct,58% 이상,win_pick_evaluated;handicap_not_available;over_under_not_available,핵심 수치 RandomForest 보수 모델,Post-game audit only. Results are not used as pre-game features.
2026-06-19,2026-06-19,20260619OBLG0,두산,LG,LG,0.543,LG 약우세,약우세,C등급,승패 약우세,핸디캡 관망,오버/언더 관망,3,0.8,False,True,LG,2,3,correct,52~55%,win_pick_evaluated;handicap_not_available;over_under_not_available,핵심 수치 RandomForest 보수 모델,Post-game audit only. Results are not used as pre-game features.
2026-06-19,2026-06-19,20260619HTKT0,KIA,KT,KT,0.521,KT 박빙 우세,약우세,C등급,승패 약우세,핸디캡 관망,오버/언더 관망,7,0.4,False,False,KIA,11,3,incorrect,52~55%,win_pick_evaluated;handicap_not_available;over_under_not_available,핵심 수치 RandomForest 보수 모델,Post-game audit only. Results are not used as pre-game features.
2026-06-19,2026-06-19,20260619LTWO0,롯데,키움,롯데,0.505,롯데 박빙 우세,관망,D등급,승패 관망,핸디캡 관망,오버/언더 관망,9,0.2,False,False,롯데,2,1,correct,52% 미만,win_pick_evaluated;handicap_not_available;over_under_not_available,핵심 수치 RandomForest 보수 모델,Post-game audit only. Results are not used as pre-game features.
2026-06-20,2026-06-20,20260620SSHH0,삼성,한화,삼성,0.526,삼성 박빙 우세,약우세,C등급,승패 약우세,핸디캡 관망,오버/언더 관망,7,0.4,False,False,한화,4,10,incorrect,52~55%,win_pick_evaluated;handicap_not_available;over_under_not_available,핵심 수치 RandomForest 보수 모델,Post-game audit only. Results are not used as pre-game features.
2026-06-20,2026-06-20,20260620SKNC0,SSG,NC,NC,0.592,NC 우세,강추천,A등급,승패 강추천,핸디캡 관망,오버/언더 관망,1,1.0,True,True,SSG,12,5,incorrect,58% 이상,win_pick_evaluated;handicap_not_available;over_under_not_available,핵심 수치 RandomForest 보수 모델,Post-game audit only. Results are not used as pre-game features.
2026-06-20,2026-06-20,20260620OBLG0,두산,LG,LG,0.545,LG 약우세,약우세,C등급,승패 약우세,핸디캡 관망,오버/언더 관망,3,0.8,False,True,LG,2,4,correct,52~55%,win_pick_evaluated;handicap_not_available;over_under_not_available,핵심 수치 RandomForest 보수 모델,Post-game audit only. Results are not used as pre-game features.
2026-06-20,2026-06-20,20260620LTWO0,롯데,키움,롯데,0.529,롯데 박빙 우세,약우세,C등급,승패 약우세,핸디캡 관망,오버/언더 관망,5,0.6,False,False,롯데,7,1,correct,52~55%,win_pick_evaluated;handicap_not_available;over_under_not_available,핵심 수치 RandomForest 보수 모델,Post-game audit only. Results are not used as pre-game features.
2026-06-20,2026-06-20,20260620HTKT0,KIA,KT,KT,0.507,KT 박빙 우세,관망,D등급,승패 관망,핸디캡 관망,오버/언더 관망,9,0.2,False,False,KT,9,10,correct,52% 미만,win_pick_evaluated;handicap_not_available;over_under_not_available,핵심 수치 RandomForest 보수 모델,Post-game audit only. Results are not used as pre-game features.
2026-06-21,2026-06-21,20260621LTWO0,롯데,키움,롯데,0.54,롯데 약우세,약우세,C등급,승패 약우세,핸디캡 관망,오버/언더 관망,5,0.6,False,False,롯데,6,3,correct,52~55%,win_pick_evaluated;handicap_not_available;over_under_not_available,핵심 수치 RandomForest 보수 모델,Post-game audit only. Results are not used as pre-game features.
2026-06-21,2026-06-21,20260621SSHH0,삼성,한화,삼성,0.525,삼성 박빙 우세,약우세,C등급,승패 약우세,핸디캡 관망,오버/언더 관망,7,0.4,False,False,삼성,3,1,correct,52~55%,win_pick_evaluated;handicap_not_available;over_under_not_available,핵심 수치 RandomForest 보수 모델,Post-game audit only. Results are not used as pre-game features.
2026-06-21,2026-06-21,20260621SKNC0,SSG,NC,NC,0.563,NC 약우세,약우세,C등급,승패 약우세,핸디캡 관망,오버/언더 관망,1,1.0,True,True,SSG,7,3,incorrect,55~58%,win_pick_evaluated;handicap_not_available;over_under_not_available,핵심 수치 RandomForest 보수 모델,Post-game audit only. Results are not used as pre-game features.
2026-06-21,2026-06-21,20260621OBLG0,두산,LG,LG,0.553,LG 약우세,약우세,C등급,승패 약우세,핸디캡 관망,오버/언더 관망,3,0.8,False,True,LG,3,9,correct,55~58%,win_pick_evaluated;handicap_not_available;over_under_not_available,핵심 수치 RandomForest 보수 모델,Post-game audit only. Results are not used as pre-game features.
2026-06-21,2026-06-21,20260621HTKT0,KIA,KT,KT,0.525,KT 박빙 우세,약우세,C등급,승패 약우세,핸디캡 관망,오버/언더 관망,8,0.4,False,False,KIA,11,5,incorrect,52~55%,win_pick_evaluated;handicap_not_available;over_under_not_available,핵심 수치 RandomForest 보수 모델,Post-game audit only. Results are not used as pre-game features.
2026-06-23,2026-06-23,20260623SSLG0,삼성,LG,LG,0.531,LG 약우세,약우세,C등급,승패 약우세,핸디캡 관망,오버/언더 관망,5,0.6,False,False,LG,3,4,correct,52~55%,win_pick_evaluated;handicap_not_available;over_under_not_available,핵심 수치 RandomForest 보수 모델,Post-game audit only. Results are not used as pre-game features.
2026-06-23,2026-06-23,20260623NCLT0,NC,롯데,NC,0.518,NC 박빙 우세,관망,D등급,승패 관망,핸디캡 관망,오버/언더 관망,7,0.4,False,False,롯데,2,3,incorrect,52% 미만,win_pick_evaluated;handicap_not_available;over_under_not_available,핵심 수치 RandomForest 보수 모델,Post-game audit only. Results are not used as pre-game features.
2026-06-23,2026-06-23,20260623SKKT0,SSG,KT,KT,0.569,KT 약우세,약우세,C등급,승패 약우세,핸디캡 관망,오버/언더 관망,1,1.0,True,True,KT,2,13,correct,55~58%,win_pick_evaluated;handicap_not_available;over_under_not_available,핵심 수치 RandomForest 보수 모델,Post-game audit only. Results are not used as pre-game features.
2026-06-23,2026-06-23,20260623HTWO0,KIA,키움,KIA,0.552,KIA 약우세,약우세,C등급,승패 약우세,핸디캡 관망,오버/언더 관망,3,0.8,False,True,KIA,7,3,correct,55~58%,win_pick_evaluated;handicap_not_available;over_under_not_available,핵심 수치 RandomForest 보수 모델,Post-game audit only. Results are not used as pre-game features.
2026-06-23,2026-06-23,20260623OBHH0,두산,한화,두산,0.509,두산 박빙 우세,관망,D등급,승패 관망,핸디캡 관망,오버/언더 관망,9,0.2,False,False,한화,2,3,incorrect,52% 미만,win_pick_evaluated;handicap_not_available;over_under_not_available,핵심 수치 RandomForest 보수 모델,Post-game audit only. Results are not used as pre-game features.
2026-06-24,2026-06-24,20260624SSLG0,삼성,LG,LG,0.537,LG 약우세,약우세,C등급,승패 약우세,핸디캡 관망,오버/언더 관망,3,0.8,False,True,LG,0,2,correct,52~55%,win_pick_evaluated;handicap_not_available;over_under_not_available,핵심 수치 RandomForest 보수 모델,Post-game audit only. Results are not used as pre-game features.
2026-06-24,2026-06-24,20260624SKKT0,SSG,KT,KT,0.538,KT 약우세,약우세,C등급,승패 약우세,핸디캡 관망,오버/언더 관망,1,1.0,True,True,SSG,5,4,incorrect,52~55%,win_pick_evaluated;handicap_not_available;over_under_not_available,핵심 수치 RandomForest 보수 모델,Post-game audit only. Results are not used as pre-game features.
2026-06-24,2026-06-24,20260624HTWO0,KIA,키움,KIA,0.535,KIA 약우세,약우세,C등급,승패 약우세,핸디캡 관망,오버/언더 관망,5,0.6,False,False,KIA,10,3,correct,52~55%,win_pick_evaluated;handicap_not_available;over_under_not_available,핵심 수치 RandomForest 보수 모델,Post-game audit only. Results are not used as pre-game features.
2026-06-24,2026-06-24,20260624OBHH0,두산,한화,두산,0.506,두산 박빙 우세,관망,D등급,승패 관망,핸디캡 관망,오버/언더 관망,7,0.4,False,False,두산,7,2,correct,52% 미만,win_pick_evaluated;handicap_not_available;over_under_not_available,핵심 수치 RandomForest 보수 모델,Post-game audit only. Results are not used as pre-game features.
2026-06-24,2026-06-24,20260624NCLT0,NC,롯데,NC,0.503,NC 박빙 우세,관망,D등급,승패 관망,핸디캡 관망,오버/언더 관망,9,0.2,False,False,롯데,3,5,incorrect,52% 미만,win_pick_evaluated;handicap_not_available;over_under_not_available,핵심 수치 RandomForest 보수 모델,Post-game audit only. Results are not used as pre-game features.
2026-06-25,2026-06-25,20260625SSLG0,삼성,LG,LG,0.528,LG 박빙 우세,약우세,C등급,승패 약우세,핸디캡 관망,오버/언더 관망,5,0.6,False,False,삼성,13,6,incorrect,52~55%,win_pick_evaluated;handicap_not_available;over_under_not_available,핵심 수치 RandomForest 보수 모델,Post-game audit only. Results are not used as pre-game features.
2026-06-25,2026-06-25,20260625HTWO0,KIA,키움,KIA,0.546,KIA 약우세,약우세,C등급,승패 약우세,핸디캡 관망,오버/언더 관망,1,1.0,True,True,KIA,9,4,correct,52~55%,win_pick_evaluated;handicap_not_available;over_under_not_available,핵심 수치 RandomForest 보수 모델,Post-game audit only. Results are not used as pre-game features.
2026-06-25,2026-06-25,20260625SKKT0,SSG,KT,KT,0.538,KT 약우세,약우세,C등급,승패 약우세,핸디캡 관망,오버/언더 관망,3,0.8,False,True,KT,7,12,correct,52~55%,win_pick_evaluated;handicap_not_available;over_under_not_available,핵심 수치 RandomForest 보수 모델,Post-game audit only. Results are not used as pre-game features.
2026-06-25,2026-06-25,20260625NCLT0,NC,롯데,롯데,0.527,롯데 박빙 우세,약우세,C등급,승패 약우세,핸디캡 관망,오버/언더 관망,7,0.4,False,False,NC,8,2,incorrect,52~55%,win_pick_evaluated;handicap_not_available;over_under_not_available,핵심 수치 RandomForest 보수 모델,Post-game audit only. Results are not used as pre-game features.
2026-06-25,2026-06-25,20260625OBHH0,두산,한화,두산,0.511,두산 박빙 우세,관망,D등급,승패 관망,핸디캡 관망,오버/언더 관망,9,0.2,False,False,두산,5,3,correct,52% 미만,win_pick_evaluated;handicap_not_available;over_under_not_available,핵심 수치 RandomForest 보수 모델,Post-game audit only. Results are not used as pre-game features.
2026-06-26,2026-06-26,20260626HHSK0,한화,SSG,한화,0.541,한화 약우세,약우세,C등급,승패 약우세,핸디캡 관망,오버/언더 관망,1,1.0,True,True,한화,9,2,correct,52~55%,win_pick_evaluated;handicap_not_available;over_under_not_available,핵심 수치 RandomForest 보수 모델,Post-game audit only. Results are not used as pre-game features.
2026-06-26,2026-06-26,20260626WONC0,키움,NC,NC,0.54,NC 약우세,약우세,C등급,승패 약우세,핸디캡 관망,오버/언더 관망,3,0.8,False,True,NC,4,11,correct,52~55%,win_pick_evaluated;handicap_not_available;over_under_not_available,핵심 수치 RandomForest 보수 모델,Post-game audit only. Results are not used as pre-game features.
2026-06-26,2026-06-26,20260626LGLT0,LG,롯데,LG,0.514,LG 박빙 우세,관망,D등급,승패 관망,핸디캡 관망,오버/언더 관망,5,0.6,False,False,롯데,2,3,incorrect,52% 미만,win_pick_evaluated;handicap_not_available;over_under_not_available,핵심 수치 RandomForest 보수 모델,Post-game audit only. Results are not used as pre-game features.
2026-06-26,2026-06-26,20260626HTOB0,KIA,두산,KIA,0.51,KIA 박빙 우세,관망,D등급,승패 관망,핸디캡 관망,오버/언더 관망,7,0.4,False,False,두산,2,3,incorrect,52% 미만,win_pick_evaluated;handicap_not_available;over_under_not_available,핵심 수치 RandomForest 보수 모델,Post-game audit only. Results are not used as pre-game features.
2026-06-26,2026-06-26,20260626KTSS0,KT,삼성,삼성,0.503,삼성 박빙 우세,관망,D등급,승패 관망,핸디캡 관망,오버/언더 관망,9,0.2,False,False,삼성,1,9,correct,52% 미만,win_pick_evaluated;handicap_not_available;over_under_not_available,핵심 수치 RandomForest 보수 모델,Post-game audit only. Results are not used as pre-game features.
2026-06-27,2026-06-27,20260627HHSK0,한화,SSG,한화,0.568,한화 약우세,추천,B등급,승패 추천,핸디캡 관망,오버/언더 관망,1,1.0,True,True,한화,8,1,correct,55~58%,win_pick_evaluated;handicap_not_available;over_under_not_available,핵심 수치 RandomForest 보수 모델,Post-game audit only. Results are not used as pre-game features.
2026-06-27,2026-06-27,20260627WONC0,키움,NC,NC,0.553,NC 약우세,추천,B등급,승패 추천,핸디캡 관망,오버/언더 관망,3,0.8,False,True,키움,3,1,incorrect,55~58%,win_pick_evaluated;handicap_not_available;over_under_not_available,핵심 수치 RandomForest 보수 모델,Post-game audit only. Results are not used as pre-game features.
2026-06-27,2026-06-27,20260627KTSS0,KT,삼성,삼성,0.524,삼성 박빙 우세,약우세,C등급,승패 약우세,핸디캡 관망,오버/언더 관망,5,0.6,False,False,삼성,3,4,correct,52~55%,win_pick_evaluated;handicap_not_available;over_under_not_available,핵심 수치 RandomForest 보수 모델,Post-game audit only. Results are not used as pre-game features.
2026-06-27,2026-06-27,20260627LGLT0,LG,롯데,LG,0.519,LG 박빙 우세,관망,D등급,승패 관망,핸디캡 관망,오버/언더 관망,7,0.4,False,False,LG,8,7,correct,52% 미만,win_pick_evaluated;handicap_not_available;over_under_not_available,핵심 수치 RandomForest 보수 모델,Post-game audit only. Results are not used as pre-game features.
2026-06-27,2026-06-27,20260627HTOB0,KIA,두산,KIA,0.506,KIA 박빙 우세,관망,D등급,승패 관망,핸디캡 관망,오버/언더 관망,9,0.2,False,False,두산,1,8,incorrect,52% 미만,win_pick_evaluated;handicap_not_available;over_under_not_available,핵심 수치 RandomForest 보수 모델,Post-game audit only. Results are not used as pre-game features.
2026-06-28,2026-06-28,20260628HTOB0,KIA,두산,두산,0.512,두산 박빙 우세,관망,D등급,승패 관망,핸디캡 관망,오버/언더 관망,9,0.2,False,False,KIA,12,1,incorrect,52% 미만,win_pick_evaluated;handicap_not_available;over_under_not_available,핵심 수치 RandomForest 보수 모델,Post-game audit only. Results are not used as pre-game features.
2026-06-28,2026-06-28,20260628WONC0,키움,NC,NC,0.56,NC 약우세,추천,B등급,승패 추천,핸디캡 관망,오버/언더 관망,1,1.0,True,True,NC,2,9,correct,55~58%,win_pick_evaluated;handicap_not_available;over_under_not_available,핵심 수치 RandomForest 보수 모델,Post-game audit only. Results are not used as pre-game features.
2026-06-28,2026-06-28,20260628HHSK0,한화,SSG,한화,0.559,한화 약우세,추천,B등급,승패 추천,핸디캡 관망,오버/언더 관망,3,0.8,False,True,한화,6,3,correct,55~58%,win_pick_evaluated;handicap_not_available;over_under_not_available,핵심 수치 RandomForest 보수 모델,Post-game audit only. Results are not used as pre-game features.
2026-06-28,2026-06-28,20260628KTSS0,KT,삼성,삼성,0.538,삼성 약우세,약우세,C등급,승패 약우세,핸디캡 관망,오버/언더 관망,5,0.6,False,False,삼성,4,7,correct,52~55%,win_pick_evaluated;handicap_not_available;over_under_not_available,핵심 수치 RandomForest 보수 모델,Post-game audit only. Results are not used as pre-game features.
2026-06-28,2026-06-28,20260628LGLT0,LG,롯데,LG,0.534,LG 약우세,약우세,C등급,승패 약우세,핸디캡 관망,오버/언더 관망,7,0.4,False,False,롯데,9,11,incorrect,52~55%,win_pick_evaluated;handicap_not_available;over_under_not_available,핵심 수치 RandomForest 보수 모델,Post-game audit only. Results are not used as pre-game features.
2026-06-30,2026-06-30,20260630SSNC0,삼성,NC,삼성,0.511,삼성 박빙 우세,관망,D등급,승패 관망,핸디캡 관망,오버/언더 관망,8,0.4,False,False,삼성,13,7,correct,52% 미만,win_pick_evaluated;handicap_not_available;over_under_not_available,핵심 수치 RandomForest 보수 모델,Post-game audit only. Results are not used as pre-game features.
2026-06-30,2026-06-30,20260630SKHT0,SSG,KIA,KIA,0.566,KIA 약우세,추천,B등급,승패 추천,핸디캡 관망,오버/언더 관망,1,1.0,True,True,KIA,3,10,correct,55~58%,win_pick_evaluated;handicap_not_available;over_under_not_available,핵심 수치 RandomForest 보수 모델,Post-game audit only. Results are not used as pre-game features.
2026-06-30,2026-06-30,20260630LGWO0,LG,키움,LG,0.565,LG 약우세,추천,B등급,승패 추천,핸디캡 관망,오버/언더 관망,3,0.8,False,True,키움,0,6,incorrect,55~58%,win_pick_evaluated;handicap_not_available;over_under_not_available,핵심 수치 RandomForest 보수 모델,Post-game audit only. Results are not used as pre-game features.
2026-06-30,2026-06-30,20260630LTOB0,롯데,두산,두산,0.525,두산 박빙 우세,약우세,C등급,승패 약우세,핸디캡 관망,오버/언더 관망,5,0.6,False,False,두산,0,5,correct,52~55%,win_pick_evaluated;handicap_not_available;over_under_not_available,핵심 수치 RandomForest 보수 모델,Post-game audit only. Results are not used as pre-game features.
