prediction_date,game_date,game_id,away_team,home_team,predicted_winner,predicted_probability,recommendation_strength,recommendation_grade,status,reason
2026-05-20,2026-05-20,20260520KTSS0,KT,삼성,삼성,0.536,약우세,C등급,pending,final result not available
2026-05-20,2026-05-20,20260520NCOB0,NC,두산,두산,0.575,약우세,C등급,pending,final result not available
2026-05-20,2026-05-20,20260520LTHH0,롯데,한화,한화,0.526,약우세,C등급,pending,final result not available
2026-05-20,2026-05-20,20260520LGHT0,LG,KIA,LG,0.505,관망,D등급,pending,final result not available
2026-05-20,2026-05-20,2026-05-20_NC_두산,NC,두산,두산,0.575,약우세,C등급,pending,final result not available
2026-05-20,2026-05-20,2026-05-20_KT_삼성,KT,삼성,삼성,0.536,약우세,C등급,pending,final result not available
2026-05-20,2026-05-20,2026-05-20_SSG_키움,SSG,키움,SSG,0.528,약우세,C등급,pending,final result not available
2026-05-20,2026-05-20,2026-05-20_롯데_한화,롯데,한화,한화,0.526,약우세,C등급,pending,final result not available
2026-05-20,2026-05-20,2026-05-20_LG_KIA,LG,KIA,LG,0.505,관망,D등급,pending,final result not available
2026-05-21,2026-05-21,2026-05-21_NC_두산,NC,두산,두산,0.576,약우세,C등급,pending,final result not available
2026-05-21,2026-05-21,2026-05-21_KT_삼성,KT,삼성,삼성,0.543,약우세,C등급,pending,final result not available
2026-05-21,2026-05-21,2026-05-21_LG_KIA,LG,KIA,KIA,0.521,약우세,C등급,pending,final result not available
2026-05-21,2026-05-21,2026-05-21_롯데_한화,롯데,한화,한화,0.519,관망,D등급,pending,final result not available
2026-05-21,2026-05-21,2026-05-21_SSG_키움,SSG,키움,키움,0.501,관망,D등급,pending,final result not available
2026-05-22,2026-05-22,2026-05-22_NC_KT,NC,KT,KT,0.569,약우세,C등급,pending,final result not available
2026-05-22,2026-05-22,2026-05-22_키움_LG,키움,LG,LG,0.556,약우세,C등급,pending,final result not available
2026-05-22,2026-05-22,2026-05-22_두산_한화,두산,한화,두산,0.553,약우세,C등급,pending,final result not available
2026-05-22,2026-05-22,2026-05-22_SSG_KIA,SSG,KIA,KIA,0.544,약우세,C등급,pending,final result not available
2026-05-22,2026-05-22,2026-05-22_삼성_롯데,삼성,롯데,삼성,0.515,관망,D등급,pending,final result not available
2026-05-23,2026-05-23,2026-05-23_NC_KT,NC,KT,KT,0.569,약우세,C등급,pending,final result not available
2026-05-23,2026-05-23,2026-05-23_키움_LG,키움,LG,LG,0.555,약우세,C등급,pending,final result not available
2026-05-23,2026-05-23,2026-05-23_SSG_KIA,SSG,KIA,KIA,0.545,약우세,C등급,pending,final result not available
2026-05-23,2026-05-23,2026-05-23_두산_한화,두산,한화,두산,0.543,약우세,C등급,pending,final result not available
2026-05-23,2026-05-23,2026-05-23_삼성_롯데,삼성,롯데,삼성,0.515,관망,D등급,pending,final result not available
2026-05-24,2026-05-24,2026-05-24_SSG_KIA,SSG,KIA,KIA,0.572,약우세,C등급,pending,final result not available
2026-05-24,2026-05-24,2026-05-24_NC_KT,NC,KT,KT,0.569,약우세,C등급,pending,final result not available
2026-05-24,2026-05-24,2026-05-24_키움_LG,키움,LG,LG,0.556,약우세,C등급,pending,final result not available
2026-05-24,2026-05-24,2026-05-24_두산_한화,두산,한화,두산,0.517,관망,D등급,pending,final result not available
2026-05-24,2026-05-24,2026-05-24_삼성_롯데,삼성,롯데,삼성,0.515,관망,D등급,pending,final result not available
2026-05-26,2026-05-26,20260526HHNC0,한화,NC,한화,0.528,약우세,C등급,pending,final result not available
2026-05-26,2026-05-26,20260526SSSK0,삼성,SSG,삼성,0.526,약우세,C등급,pending,final result not available
2026-05-26,2026-05-26,2026-05-26_LG_롯데,LG,롯데,LG,0.531,약우세,C등급,pending,final result not available
2026-05-26,2026-05-26,2026-05-26_한화_NC,한화,NC,한화,0.528,약우세,C등급,pending,final result not available
2026-05-26,2026-05-26,2026-05-26_삼성_SSG,삼성,SSG,삼성,0.526,약우세,C등급,pending,final result not available
2026-05-26,2026-05-26,2026-05-26_KT_두산,KT,두산,두산,0.506,관망,D등급,pending,final result not available
2026-05-26,2026-05-26,2026-05-26_KIA_키움,KIA,키움,키움,0.501,관망,D등급,pending,final result not available
2026-05-27,2026-05-27,2026-05-27_삼성_SSG,삼성,SSG,삼성,0.53,약우세,C등급,pending,final result not available
2026-05-27,2026-05-27,2026-05-27_LG_롯데,LG,롯데,LG,0.528,약우세,C등급,pending,final result not available
2026-05-27,2026-05-27,2026-05-27_한화_NC,한화,NC,한화,0.526,약우세,C등급,pending,final result not available
2026-05-27,2026-05-27,2026-05-27_KT_두산,KT,두산,KT,0.514,관망,D등급,pending,final result not available
2026-05-27,2026-05-27,2026-05-27_KIA_키움,KIA,키움,KIA,0.508,관망,D등급,pending,final result not available
2026-05-28,2026-05-28,2026-05-28_삼성_SSG,삼성,SSG,삼성,0.53,약우세,C등급,pending,final result not available
2026-05-28,2026-05-28,2026-05-28_KIA_키움,KIA,키움,KIA,0.529,약우세,C등급,pending,final result not available
2026-05-28,2026-05-28,2026-05-28_LG_롯데,LG,롯데,LG,0.529,약우세,C등급,pending,final result not available
2026-05-28,2026-05-28,2026-05-28_KT_두산,KT,두산,KT,0.506,관망,D등급,pending,final result not available
2026-05-28,2026-05-28,2026-05-28_한화_NC,한화,NC,한화,0.505,관망,D등급,pending,final result not available
2026-05-29,2026-05-29,2026-05-29_두산_삼성,두산,삼성,삼성,0.553,약우세,C등급,pending,final result not available
2026-05-29,2026-05-29,2026-05-29_SSG_한화,SSG,한화,한화,0.549,약우세,C등급,pending,final result not available
2026-05-29,2026-05-29,2026-05-29_KT_키움,KT,키움,KT,0.537,약우세,C등급,pending,final result not available
2026-05-29,2026-05-29,2026-05-29_롯데_NC,롯데,NC,롯데,0.522,약우세,C등급,pending,final result not available
2026-05-29,2026-05-29,2026-05-29_KIA_LG,KIA,LG,LG,0.501,관망,D등급,pending,final result not available
2026-05-30,2026-05-30,2026-05-30_두산_삼성,두산,삼성,삼성,0.552,약우세,C등급,pending,final result not available
2026-05-30,2026-05-30,2026-05-30_SSG_한화,SSG,한화,한화,0.547,약우세,C등급,pending,final result not available
2026-05-30,2026-05-30,2026-05-30_KIA_LG,KIA,LG,LG,0.536,약우세,C등급,pending,final result not available
2026-05-30,2026-05-30,2026-05-30_KT_키움,KT,키움,KT,0.529,약우세,C등급,pending,final result not available
2026-05-30,2026-05-30,2026-05-30_롯데_NC,롯데,NC,롯데,0.505,관망,D등급,pending,final result not available
2026-05-31,2026-05-31,2026-05-31_SSG_한화,SSG,한화,한화,0.548,약우세,C등급,pending,final result not available
2026-05-31,2026-05-31,2026-05-31_두산_삼성,두산,삼성,삼성,0.537,약우세,C등급,pending,final result not available
2026-05-31,2026-05-31,2026-05-31_KT_키움,KT,키움,KT,0.532,약우세,C등급,pending,final result not available
2026-05-31,2026-05-31,2026-05-31_롯데_NC,롯데,NC,롯데,0.504,관망,D등급,pending,final result not available
2026-05-31,2026-05-31,2026-05-31_KIA_LG,KIA,LG,LG,0.528,약우세,C등급,pending,final result not available
2026-06-02,2026-06-02,2026-06-02_롯데_KIA,롯데,KIA,KIA,0.548,약우세,C등급,pending,final result not available
2026-06-02,2026-06-02,2026-06-02_NC_삼성,NC,삼성,삼성,0.547,약우세,C등급,pending,final result not available
2026-06-02,2026-06-02,2026-06-02_키움_SSG,키움,SSG,키움,0.518,관망,D등급,pending,final result not available
2026-06-02,2026-06-02,2026-06-02_LG_KT,LG,KT,LG,0.5,관망,D등급,pending,final result not available
2026-06-02,2026-06-02,2026-06-02_한화_두산,한화,두산,두산,0.5,관망,D등급,pending,final result not available
2026-06-03,2026-06-03,20260603HHOB0,한화,두산,두산,0.509,관망,D등급,pending,final result not available
2026-06-03,2026-06-03,2026-06-03_NC_삼성,NC,삼성,삼성,0.557,약우세,C등급,pending,final result not available
2026-06-03,2026-06-03,2026-06-03_롯데_KIA,롯데,KIA,KIA,0.555,약우세,C등급,pending,final result not available
2026-06-03,2026-06-03,2026-06-03_키움_SSG,키움,SSG,키움,0.524,약우세,C등급,pending,final result not available
2026-06-03,2026-06-03,2026-06-03_한화_두산,한화,두산,두산,0.509,관망,D등급,pending,final result not available
2026-06-03,2026-06-03,2026-06-03_LG_KT,LG,KT,KT,0.503,관망,D등급,pending,final result not available
2026-06-04,2026-06-04,2026-06-04_NC_삼성,NC,삼성,삼성,0.548,약우세,C등급,pending,final result not available
2026-06-04,2026-06-04,2026-06-04_롯데_KIA,롯데,KIA,KIA,0.542,약우세,C등급,pending,final result not available
2026-06-04,2026-06-04,2026-06-04_LG_KT,LG,KT,KT,0.511,관망,D등급,pending,final result not available
2026-06-04,2026-06-04,2026-06-04_키움_SSG,키움,SSG,키움,0.505,관망,D등급,pending,final result not available
2026-06-04,2026-06-04,2026-06-04_한화_두산,한화,두산,두산,0.504,관망,D등급,pending,final result not available
2026-06-05,2026-06-05,2026-06-05_키움_두산,키움,두산,두산,0.55,약우세,C등급,pending,final result not available
2026-06-05,2026-06-05,2026-06-05_KT_SSG,KT,SSG,KT,0.536,약우세,C등급,pending,final result not available
2026-06-05,2026-06-05,2026-06-05_한화_롯데,한화,롯데,한화,0.52,약우세,C등급,pending,final result not available
2026-06-05,2026-06-05,2026-06-05_삼성_KIA,삼성,KIA,KIA,0.507,관망,D등급,pending,final result not available
2026-06-05,2026-06-05,2026-06-05_LG_NC,LG,NC,LG,0.507,관망,D등급,pending,final result not available
2026-06-06,2026-06-06,2026-06-06_KT_SSG,KT,SSG,KT,0.528,약우세,C등급,pending,final result not available
2026-06-06,2026-06-06,2026-06-06_키움_두산,키움,두산,두산,0.544,약우세,C등급,pending,final result not available
2026-06-06,2026-06-06,2026-06-06_한화_롯데,한화,롯데,한화,0.54,약우세,C등급,pending,final result not available
2026-06-06,2026-06-06,2026-06-06_삼성_KIA,삼성,KIA,KIA,0.531,약우세,C등급,pending,final result not available
2026-06-06,2026-06-06,2026-06-06_LG_NC,LG,NC,LG,0.523,약우세,C등급,pending,final result not available
2026-06-07,2026-06-07,2026-06-07_한화_롯데,한화,롯데,한화,0.542,약우세,C등급,pending,final result not available
2026-06-07,2026-06-07,2026-06-07_키움_두산,키움,두산,두산,0.541,약우세,C등급,pending,final result not available
2026-06-07,2026-06-07,2026-06-07_KT_SSG,KT,SSG,KT,0.534,약우세,C등급,pending,final result not available
2026-06-07,2026-06-07,2026-06-07_LG_NC,LG,NC,LG,0.523,약우세,C등급,pending,final result not available
2026-06-07,2026-06-07,2026-06-07_삼성_KIA,삼성,KIA,KIA,0.505,관망,D등급,pending,final result not available
2026-06-09,2026-06-09,2026-06-09_NC_키움,NC,키움,NC,0.554,약우세,C등급,pending,final result not available
2026-06-09,2026-06-09,2026-06-09_SSG_LG,SSG,LG,LG,0.547,약우세,C등급,pending,final result not available
2026-06-09,2026-06-09,2026-06-09_두산_롯데,두산,롯데,두산,0.543,약우세,C등급,pending,final result not available
2026-06-09,2026-06-09,2026-06-09_삼성_KT,삼성,KT,삼성,0.512,관망,D등급,pending,final result not available
2026-06-09,2026-06-09,2026-06-09_KIA_한화,KIA,한화,KIA,0.505,관망,D등급,pending,final result not available
2026-06-10,2026-06-10,2026-06-10_NC_키움,NC,키움,NC,0.544,약우세,C등급,pending,final result not available
2026-06-10,2026-06-10,2026-06-10_SSG_LG,SSG,LG,LG,0.542,약우세,C등급,pending,final result not available
2026-06-10,2026-06-10,2026-06-10_두산_롯데,두산,롯데,두산,0.538,약우세,C등급,pending,final result not available
2026-06-10,2026-06-10,2026-06-10_KIA_한화,KIA,한화,KIA,0.523,약우세,C등급,pending,final result not available
2026-06-10,2026-06-10,2026-06-10_삼성_KT,삼성,KT,KT,0.512,관망,D등급,pending,final result not available
2026-06-11,2026-06-11,2026-06-11_NC_키움,NC,키움,NC,0.539,약우세,C등급,pending,final result not available
2026-06-11,2026-06-11,2026-06-11_SSG_LG,SSG,LG,LG,0.538,약우세,C등급,pending,final result not available
2026-06-11,2026-06-11,2026-06-11_두산_롯데,두산,롯데,두산,0.531,약우세,C등급,pending,final result not available
2026-06-11,2026-06-11,2026-06-11_삼성_KT,삼성,KT,KT,0.52,약우세,C등급,pending,final result not available
2026-06-11,2026-06-11,2026-06-11_KIA_한화,KIA,한화,KIA,0.502,관망,D등급,pending,final result not available
2026-06-12,2026-06-12,2026-06-12_SSG_삼성,SSG,삼성,삼성,0.556,약우세,C등급,pending,final result not available
2026-06-12,2026-06-12,2026-06-12_롯데_LG,롯데,LG,LG,0.553,약우세,C등급,pending,final result not available
2026-06-12,2026-06-12,2026-06-12_한화_키움,한화,키움,한화,0.551,약우세,C등급,pending,final result not available
2026-06-12,2026-06-12,2026-06-12_NC_KT,NC,KT,KT,0.525,약우세,C등급,pending,final result not available
2026-06-12,2026-06-12,2026-06-12_두산_KIA,두산,KIA,KIA,0.52,약우세,C등급,pending,final result not available
2026-06-13,2026-06-13,2026-06-13_롯데_LG,롯데,LG,LG,0.573,약우세,C등급,pending,final result not available
2026-06-13,2026-06-13,2026-06-13_SSG_삼성,SSG,삼성,삼성,0.571,약우세,C등급,pending,final result not available
2026-06-13,2026-06-13,2026-06-13_한화_키움,한화,키움,한화,0.556,약우세,C등급,pending,final result not available
2026-06-13,2026-06-13,2026-06-13_NC_KT,NC,KT,KT,0.529,약우세,C등급,pending,final result not available
2026-06-13,2026-06-13,2026-06-13_두산_KIA,두산,KIA,두산,0.517,관망,D등급,pending,final result not available
2026-06-14,2026-06-14,20260614NCKT0,NC,KT,KT,0.533,약우세,C등급,pending,final result not available
2026-06-14,2026-06-14,2026-06-14_한화_키움,한화,키움,한화,0.541,약우세,C등급,pending,final result not available
2026-06-14,2026-06-14,2026-06-14_SSG_삼성,SSG,삼성,삼성,0.562,약우세,C등급,pending,final result not available
2026-06-14,2026-06-14,2026-06-14_롯데_LG,롯데,LG,LG,0.546,약우세,C등급,pending,final result not available
2026-06-14,2026-06-14,2026-06-14_NC_KT,NC,KT,KT,0.533,약우세,C등급,pending,final result not available
2026-06-14,2026-06-14,2026-06-14_두산_KIA,두산,KIA,KIA,0.512,관망,D등급,pending,final result not available
2026-06-16,2026-06-16,2026-06-16_키움_삼성,키움,삼성,삼성,0.556,약우세,C등급,pending,final result not available
2026-06-16,2026-06-16,2026-06-16_LG_KIA,LG,KIA,LG,0.526,약우세,C등급,pending,final result not available
2026-06-16,2026-06-16,2026-06-16_KT_두산,KT,두산,두산,0.515,관망,D등급,pending,final result not available
2026-06-16,2026-06-16,2026-06-16_한화_NC,한화,NC,한화,0.513,관망,D등급,pending,final result not available
2026-06-16,2026-06-16,2026-06-16_롯데_SSG,롯데,SSG,SSG,0.502,관망,D등급,pending,final result not available
2026-06-17,2026-06-17,2026-06-17_키움_삼성,키움,삼성,삼성,0.562,약우세,C등급,pending,final result not available
2026-06-17,2026-06-17,2026-06-17_LG_KIA,LG,KIA,LG,0.547,약우세,C등급,pending,final result not available
2026-06-17,2026-06-17,2026-06-17_롯데_SSG,롯데,SSG,롯데,0.517,관망,D등급,pending,final result not available
2026-06-17,2026-06-17,2026-06-17_KT_두산,KT,두산,KT,0.508,관망,D등급,pending,final result not available
2026-06-17,2026-06-17,2026-06-17_한화_NC,한화,NC,NC,0.508,관망,D등급,pending,final result not available
2026-06-18,2026-06-18,20260618LTSK0,롯데,SSG,롯데,0.526,약우세,C등급,pending,final result not available
2026-06-18,2026-06-18,2026-06-18_키움_삼성,키움,삼성,삼성,0.56,약우세,C등급,pending,final result not available
2026-06-18,2026-06-18,2026-06-18_LG_KIA,LG,KIA,LG,0.532,약우세,C등급,pending,final result not available
2026-06-18,2026-06-18,2026-06-18_KT_두산,KT,두산,KT,0.526,약우세,C등급,pending,final result not available
2026-06-18,2026-06-18,2026-06-18_롯데_SSG,롯데,SSG,롯데,0.526,약우세,C등급,pending,final result not available
2026-06-18,2026-06-18,2026-06-18_한화_NC,한화,NC,NC,0.52,약우세,C등급,pending,final result not available
2026-06-19,2026-06-19,20260619SSHH0,삼성,한화,삼성,0.528,약우세,C등급,pending,final result not available
2026-06-19,2026-06-19,2026-06-19_SSG_NC,SSG,NC,NC,0.588,강추천,A등급,pending,final result not available
2026-06-19,2026-06-19,2026-06-19_두산_LG,두산,LG,LG,0.543,약우세,C등급,pending,final result not available
2026-06-19,2026-06-19,2026-06-19_삼성_한화,삼성,한화,삼성,0.528,약우세,C등급,pending,final result not available
2026-06-19,2026-06-19,2026-06-19_KIA_KT,KIA,KT,KT,0.521,약우세,C등급,pending,final result not available
2026-06-19,2026-06-19,2026-06-19_롯데_키움,롯데,키움,롯데,0.505,관망,D등급,pending,final result not available
2026-06-20,2026-06-20,2026-06-20_SSG_NC,SSG,NC,NC,0.592,강추천,A등급,pending,final result not available
2026-06-20,2026-06-20,2026-06-20_두산_LG,두산,LG,LG,0.545,약우세,C등급,pending,final result not available
2026-06-20,2026-06-20,2026-06-20_롯데_키움,롯데,키움,롯데,0.529,약우세,C등급,pending,final result not available
2026-06-20,2026-06-20,2026-06-20_삼성_한화,삼성,한화,삼성,0.526,약우세,C등급,pending,final result not available
2026-06-20,2026-06-20,2026-06-20_KIA_KT,KIA,KT,KT,0.507,관망,D등급,pending,final result not available
2026-06-21,2026-06-21,2026-06-21_롯데_키움,롯데,키움,롯데,0.54,약우세,C등급,pending,final result not available
2026-06-21,2026-06-21,2026-06-21_SSG_NC,SSG,NC,NC,0.563,약우세,C등급,pending,final result not available
2026-06-21,2026-06-21,2026-06-21_두산_LG,두산,LG,LG,0.553,약우세,C등급,pending,final result not available
2026-06-21,2026-06-21,2026-06-21_KIA_KT,KIA,KT,KT,0.525,약우세,C등급,pending,final result not available
2026-06-21,2026-06-21,2026-06-21_삼성_한화,삼성,한화,삼성,0.506,관망,D등급,pending,final result not available
2026-06-23,2026-06-23,2026-06-23_SSG_KT,SSG,KT,KT,0.569,약우세,C등급,pending,final result not available
2026-06-23,2026-06-23,2026-06-23_KIA_키움,KIA,키움,KIA,0.552,약우세,C등급,pending,final result not available
2026-06-23,2026-06-23,2026-06-23_삼성_LG,삼성,LG,LG,0.531,약우세,C등급,pending,final result not available
2026-06-23,2026-06-23,2026-06-23_NC_롯데,NC,롯데,NC,0.518,관망,D등급,pending,final result not available
2026-06-23,2026-06-23,2026-06-23_두산_한화,두산,한화,두산,0.509,관망,D등급,pending,final result not available
2026-06-24,2026-06-24,2026-06-24_SSG_KT,SSG,KT,KT,0.538,약우세,C등급,pending,final result not available
2026-06-24,2026-06-24,2026-06-24_삼성_LG,삼성,LG,LG,0.537,약우세,C등급,pending,final result not available
2026-06-24,2026-06-24,2026-06-24_KIA_키움,KIA,키움,KIA,0.535,약우세,C등급,pending,final result not available
2026-06-24,2026-06-24,2026-06-24_두산_한화,두산,한화,두산,0.506,관망,D등급,pending,final result not available
2026-06-24,2026-06-24,2026-06-24_NC_롯데,NC,롯데,NC,0.503,관망,D등급,pending,final result not available
2026-06-25,2026-06-25,2026-06-25_KIA_키움,KIA,키움,KIA,0.546,약우세,C등급,pending,final result not available
2026-06-25,2026-06-25,2026-06-25_SSG_KT,SSG,KT,KT,0.538,약우세,C등급,pending,final result not available
2026-06-25,2026-06-25,2026-06-25_삼성_LG,삼성,LG,LG,0.528,약우세,C등급,pending,final result not available
2026-06-25,2026-06-25,2026-06-25_NC_롯데,NC,롯데,롯데,0.527,약우세,C등급,pending,final result not available
2026-06-25,2026-06-25,2026-06-25_두산_한화,두산,한화,두산,0.511,관망,D등급,pending,final result not available
2026-06-26,2026-06-26,2026-06-26_한화_SSG,한화,SSG,한화,0.541,약우세,C등급,pending,final result not available
2026-06-26,2026-06-26,2026-06-26_키움_NC,키움,NC,NC,0.54,약우세,C등급,pending,final result not available
2026-06-26,2026-06-26,2026-06-26_LG_롯데,LG,롯데,LG,0.514,관망,D등급,pending,final result not available
2026-06-26,2026-06-26,2026-06-26_KIA_두산,KIA,두산,KIA,0.51,관망,D등급,pending,final result not available
2026-06-26,2026-06-26,2026-06-26_KT_삼성,KT,삼성,삼성,0.503,관망,D등급,pending,final result not available
2026-06-27,2026-06-27,20260627HHSK0,한화,SSG,한화,0.568,추천,B등급,pending,final result not available
2026-06-27,2026-06-27,2026-06-27_한화_SSG,한화,SSG,한화,0.568,추천,B등급,pending,final result not available
2026-06-27,2026-06-27,20260627WONC0,키움,NC,NC,0.553,추천,B등급,pending,final result not available
2026-06-27,2026-06-27,20260627KTSS0,KT,삼성,삼성,0.524,약우세,C등급,pending,final result not available
2026-06-27,2026-06-27,20260627LGLT0,LG,롯데,LG,0.519,관망,D등급,pending,final result not available
2026-06-27,2026-06-27,20260627HTOB0,KIA,두산,KIA,0.506,관망,D등급,pending,final result not available
